{
 "movetrace": [
  {
   "step": 1,
   "moveturn": "B",
   "position": [
    "d",
    4
   ]
  },
  {
   "step": 2,
   "moveturn": "W",
   "position": [
    "q",
    16
   ]
  },
  {
   "step": 3,
   "moveturn": "B",
   "position": [
    "q",
    3
   ]
  },
  {
   "step": 4,
   "moveturn": "W",
   "position": [
    "r",
    5
   ]
  },
  {
   "step": 5,
   "moveturn": "B",
   "position": [
    "q",
    8
   ]
  },
  {
   "step": 6,
   "moveturn": "W",
   "position": [
    "k",
    3
   ]
  },
  {
   "step": 7,
   "moveturn": "B",
   "position": [
    "r",
    4
   ]
  },
  {
   "step": 8,
   "moveturn": "W",
   "position": [
    "p",
    4
   ]
  },
  {
   "step": 9,
   "moveturn": "B",
   "position": [
    "p",
    3
   ]
  },
  {
   "step": 10,
   "moveturn": "W",
   "position": [
    "o",
    4
   ]
  },
  {
   "step": 11,
   "moveturn": "B",
   "position": [
    "o",
    3
   ]
  },
  {
   "step": 12,
   "moveturn": "W",
   "position": [
    "n",
    4
   ]
  },
  {
   "step": 13,
   "moveturn": "B",
   "position": [
    "n",
    3
   ]
  },
  {
   "step": 14,
   "moveturn": "W",
   "position": [
    "m",
    4
   ]
  },
  {
   "step": 15,
   "moveturn": "B",
   "position": [
    "q",
    11
   ]
  },
  {
   "step": 16,
   "moveturn": "W",
   "position": [
    "c",
    16
   ]
  },
  {
   "step": 17,
   "moveturn": "B",
   "position": [
    "e",
    17
   ]
  },
  {
   "step": 18,
   "moveturn": "W",
   "position": [
    "j",
    17
   ]
  },
  {
   "step": 19,
   "moveturn": "B",
   "position": [
    "o",
    17
   ]
  },
  {
   "step": 20,
   "moveturn": "W",
   "position": [
    "r",
    13
   ]
  },
  {
   "step": 21,
   "moveturn": "B",
   "position": [
    "r",
    17
   ]
  },
  {
   "step": 22,
   "moveturn": "W",
   "position": [
    "q",
    17
   ]
  },
  {
   "step": 23,
   "moveturn": "B",
   "position": [
    "r",
    16
   ]
  },
  {
   "step": 24,
   "moveturn": "W",
   "position": [
    "q",
    15
   ]
  },
  {
   "step": 25,
   "moveturn": "B",
   "position": [
    "q",
    18
   ]
  },
  {
   "step": 26,
   "moveturn": "W",
   "position": [
    "p",
    18
   ]
  }
 ],
 "id": -1,
 "winner": "NONE",
 "name": "1378127086019999916-26",
 "gamename": "1378127086019999916"
}