{
 "movetrace": [
  {
   "step": 1,
   "moveturn": "B",
   "position": [
    "d",
    3
   ]
  },
  {
   "step": 2,
   "moveturn": "W",
   "position": [
    "q",
    16
   ]
  },
  {
   "step": 3,
   "moveturn": "B",
   "position": [
    "c",
    16
   ]
  },
  {
   "step": 4,
   "moveturn": "W",
   "position": [
    "e",
    17
   ]
  },
  {
   "step": 5,
   "moveturn": "B",
   "position": [
    "r",
    4
   ]
  },
  {
   "step": 6,
   "moveturn": "W",
   "position": [
    "d",
    5
   ]
  },
  {
   "step": 7,
   "moveturn": "B",
   "position": [
    "d",
    15
   ]
  },
  {
   "step": 8,
   "moveturn": "W",
   "position": [
    "c",
    10
   ]
  },
  {
   "step": 9,
   "moveturn": "B",
   "position": [
    "c",
    5
   ]
  },
  {
   "step": 10,
   "moveturn": "W",
   "position": [
    "c",
    6
   ]
  },
  {
   "step": 11,
   "moveturn": "B",
   "position": [
    "c",
    4
   ]
  }
 ],
 "id": -1,
 "winner": "NONE",
 "name": "1380633453019999392-11",
 "gamename": "1380633453019999392"
}