{
 "movetrace": [
  {
   "step": 1,
   "moveturn": "B",
   "position": [
    "d",
    3
   ]
  },
  {
   "step": 2,
   "moveturn": "W",
   "position": [
    "q",
    16
   ]
  },
  {
   "step": 3,
   "moveturn": "B",
   "position": [
    "c",
    16
   ]
  },
  {
   "step": 4,
   "moveturn": "W",
   "position": [
    "e",
    17
   ]
  },
  {
   "step": 5,
   "moveturn": "B",
   "position": [
    "r",
    4
   ]
  },
  {
   "step": 6,
   "moveturn": "W",
   "position": [
    "d",
    5
   ]
  },
  {
   "step": 7,
   "moveturn": "B",
   "position": [
    "d",
    15
   ]
  },
  {
   "step": 8,
   "moveturn": "W",
   "position": [
    "c",
    10
   ]
  },
  {
   "step": 9,
   "moveturn": "B",
   "position": [
    "c",
    5
   ]
  },
  {
   "step": 10,
   "moveturn": "W",
   "position": [
    "c",
    6
   ]
  },
  {
   "step": 11,
   "moveturn": "B",
   "position": [
    "c",
    4
   ]
  },
  {
   "step": 12,
   "moveturn": "W",
   "position": [
    "d",
    6
   ]
  },
  {
   "step": 13,
   "moveturn": "B",
   "position": [
    "f",
    3
   ]
  },
  {
   "step": 14,
   "moveturn": "W",
   "position": [
    "c",
    13
   ]
  },
  {
   "step": 15,
   "moveturn": "B",
   "position": [
    "r",
    14
   ]
  },
  {
   "step": 16,
   "moveturn": "W",
   "position": [
    "o",
    16
   ]
  },
  {
   "step": 17,
   "moveturn": "B",
   "position": [
    "j",
    17
   ]
  },
  {
   "step": 18,
   "moveturn": "W",
   "position": [
    "e",
    15
   ]
  },
  {
   "step": 19,
   "moveturn": "B",
   "position": [
    "d",
    14
   ]
  },
  {
   "step": 20,
   "moveturn": "W",
   "position": [
    "c",
    18
   ]
  },
  {
   "step": 21,
   "moveturn": "B",
   "position": [
    "m",
    17
   ]
  },
  {
   "step": 22,
   "moveturn": "W",
   "position": [
    "r",
    15
   ]
  },
  {
   "step": 23,
   "moveturn": "B",
   "position": [
    "q",
    14
   ]
  },
  {
   "step": 24,
   "moveturn": "W",
   "position": [
    "o",
    17
   ]
  }
 ],
 "id": -1,
 "winner": "NONE",
 "name": "1380633453019999392-24",
 "gamename": "1380633453019999392"
}