{
 "movetrace": [
  {
   "step": 1,
   "moveturn": "B",
   "position": [
    "d",
    3
   ]
  },
  {
   "step": 2,
   "moveturn": "W",
   "position": [
    "d",
    16
   ]
  },
  {
   "step": 3,
   "moveturn": "B",
   "position": [
    "q",
    4
   ]
  },
  {
   "step": 4,
   "moveturn": "W",
   "position": [
    "c",
    5
   ]
  },
  {
   "step": 5,
   "moveturn": "B",
   "position": [
    "q",
    17
   ]
  },
  {
   "step": 6,
   "moveturn": "W",
   "position": [
    "o",
    3
   ]
  },
  {
   "step": 7,
   "moveturn": "B",
   "position": [
    "r",
    6
   ]
  },
  {
   "step": 8,
   "moveturn": "W",
   "position": [
    "h",
    3
   ]
  },
  {
   "step": 9,
   "moveturn": "B",
   "position": [
    "c",
    4
   ]
  },
  {
   "step": 10,
   "moveturn": "W",
   "position": [
    "d",
    5
   ]
  },
  {
   "step": 11,
   "moveturn": "B",
   "position": [
    "f",
    3
   ]
  },
  {
   "step": 12,
   "moveturn": "W",
   "position": [
    "g",
    5
   ]
  },
  {
   "step": 13,
   "moveturn": "B",
   "position": [
    "c",
    10
   ]
  },
  {
   "step": 14,
   "moveturn": "W",
   "position": [
    "c",
    12
   ]
  },
  {
   "step": 15,
   "moveturn": "B",
   "position": [
    "c",
    7
   ]
  },
  {
   "step": 16,
   "moveturn": "W",
   "position": [
    "d",
    9
   ]
  },
  {
   "step": 17,
   "moveturn": "B",
   "position": [
    "c",
    9
   ]
  },
  {
   "step": 18,
   "moveturn": "W",
   "position": [
    "d",
    7
   ]
  },
  {
   "step": 19,
   "moveturn": "B",
   "position": [
    "d",
    8
   ]
  },
  {
   "step": 20,
   "moveturn": "W",
   "position": [
    "e",
    8
   ]
  },
  {
   "step": 21,
   "moveturn": "B",
   "position": [
    "c",
    8
   ]
  },
  {
   "step": 22,
   "moveturn": "W",
   "position": [
    "f",
    7
   ]
  }
 ],
 "id": -1,
 "winner": "NONE",
 "name": "1378906064019999572-22",
 "gamename": "1378906064019999572"
}