{
 "movetrace": [
  {
   "step": 1,
   "moveturn": "B",
   "position": [
    "d",
    4
   ]
  },
  {
   "step": 2,
   "moveturn": "W",
   "position": [
    "q",
    16
   ]
  },
  {
   "step": 3,
   "moveturn": "B",
   "position": [
    "r",
    4
   ]
  },
  {
   "step": 4,
   "moveturn": "W",
   "position": [
    "c",
    16
   ]
  },
  {
   "step": 5,
   "moveturn": "B",
   "position": [
    "f",
    16
   ]
  },
  {
   "step": 6,
   "moveturn": "W",
   "position": [
    "d",
    14
   ]
  },
  {
   "step": 7,
   "moveturn": "B",
   "position": [
    "o",
    17
   ]
  },
  {
   "step": 8,
   "moveturn": "W",
   "position": [
    "r",
    14
   ]
  },
  {
   "step": 9,
   "moveturn": "B",
   "position": [
    "q",
    18
   ]
  },
  {
   "step": 10,
   "moveturn": "W",
   "position": [
    "n",
    17
   ]
  },
  {
   "step": 11,
   "moveturn": "B",
   "position": [
    "n",
    16
   ]
  },
  {
   "step": 12,
   "moveturn": "W",
   "position": [
    "m",
    17
   ]
  },
  {
   "step": 13,
   "moveturn": "B",
   "position": [
    "o",
    16
   ]
  },
  {
   "step": 14,
   "moveturn": "W",
   "position": [
    "m",
    16
   ]
  },
  {
   "step": 15,
   "moveturn": "B",
   "position": [
    "r",
    17
   ]
  }
 ],
 "id": -1,
 "winner": "NONE",
 "name": "1380977738019999375-15",
 "gamename": "1380977738019999375"
}