{
 "movetrace": [
  {
   "step": 1,
   "moveturn": "B",
   "position": [
    "d",
    4
   ]
  },
  {
   "step": 2,
   "moveturn": "W",
   "position": [
    "q",
    16
   ]
  },
  {
   "step": 3,
   "moveturn": "B",
   "position": [
    "r",
    4
   ]
  },
  {
   "step": 4,
   "moveturn": "W",
   "position": [
    "c",
    16
   ]
  },
  {
   "step": 5,
   "moveturn": "B",
   "position": [
    "l",
    3
   ]
  },
  {
   "step": 6,
   "moveturn": "W",
   "position": [
    "c",
    6
   ]
  },
  {
   "step": 7,
   "moveturn": "B",
   "position": [
    "f",
    4
   ]
  },
  {
   "step": 8,
   "moveturn": "W",
   "position": [
    "c",
    3
   ]
  },
  {
   "step": 9,
   "moveturn": "B",
   "position": [
    "c",
    4
   ]
  },
  {
   "step": 10,
   "moveturn": "W",
   "position": [
    "b",
    4
   ]
  },
  {
   "step": 11,
   "moveturn": "B",
   "position": [
    "b",
    5
   ]
  },
  {
   "step": 12,
   "moveturn": "W",
   "position": [
    "b",
    3
   ]
  },
  {
   "step": 13,
   "moveturn": "B",
   "position": [
    "c",
    5
   ]
  },
  {
   "step": 14,
   "moveturn": "W",
   "position": [
    "e",
    2
   ]
  },
  {
   "step": 15,
   "moveturn": "B",
   "position": [
    "f",
    2
   ]
  },
  {
   "step": 16,
   "moveturn": "W",
   "position": [
    "e",
    3
   ]
  },
  {
   "step": 17,
   "moveturn": "B",
   "position": [
    "f",
    3
   ]
  },
  {
   "step": 18,
   "moveturn": "W",
   "position": [
    "b",
    6
   ]
  },
  {
   "step": 19,
   "moveturn": "B",
   "position": [
    "a",
    5
   ]
  },
  {
   "step": 20,
   "moveturn": "W",
   "position": [
    "d",
    3
   ]
  },
  {
   "step": 21,
   "moveturn": "B",
   "position": [
    "f",
    6
   ]
  },
  {
   "step": 22,
   "moveturn": "W",
   "position": [
    "d",
    10
   ]
  },
  {
   "step": 23,
   "moveturn": "B",
   "position": [
    "f",
    17
   ]
  },
  {
   "step": 24,
   "moveturn": "W",
   "position": [
    "d",
    17
   ]
  },
  {
   "step": 25,
   "moveturn": "B",
   "position": [
    "k",
    16
   ]
  },
  {
   "step": 26,
   "moveturn": "W",
   "position": [
    "m",
    17
   ]
  },
  {
   "step": 27,
   "moveturn": "B",
   "position": [
    "f",
    15
   ]
  }
 ],
 "id": -1,
 "winner": "NONE",
 "name": "1380287523019999912-27",
 "gamename": "1380287523019999912"
}