{
 "movetrace": [
  {
   "step": 1,
   "moveturn": "B",
   "position": [
    "d",
    4
   ]
  },
  {
   "step": 2,
   "moveturn": "W",
   "position": [
    "q",
    16
   ]
  },
  {
   "step": 3,
   "moveturn": "B",
   "position": [
    "r",
    4
   ]
  },
  {
   "step": 4,
   "moveturn": "W",
   "position": [
    "c",
    16
   ]
  },
  {
   "step": 5,
   "moveturn": "B",
   "position": [
    "l",
    3
   ]
  },
  {
   "step": 6,
   "moveturn": "W",
   "position": [
    "c",
    6
   ]
  },
  {
   "step": 7,
   "moveturn": "B",
   "position": [
    "f",
    4
   ]
  }
 ],
 "id": -1,
 "winner": "NONE",
 "name": "1380287523019999912-7",
 "gamename": "1380287523019999912"
}