{
 "movetrace": [
  {
   "step": 1,
   "moveturn": "B",
   "position": [
    "d",
    4
   ]
  },
  {
   "step": 2,
   "moveturn": "W",
   "position": [
    "q",
    16
   ]
  },
  {
   "step": 3,
   "moveturn": "B",
   "position": [
    "r",
    4
   ]
  },
  {
   "step": 4,
   "moveturn": "W",
   "position": [
    "d",
    16
   ]
  },
  {
   "step": 5,
   "moveturn": "B",
   "position": [
    "l",
    3
   ]
  },
  {
   "step": 6,
   "moveturn": "W",
   "position": [
    "c",
    6
   ]
  },
  {
   "step": 7,
   "moveturn": "B",
   "position": [
    "f",
    4
   ]
  },
  {
   "step": 8,
   "moveturn": "W",
   "position": [
    "c",
    3
   ]
  },
  {
   "step": 9,
   "moveturn": "B",
   "position": [
    "c",
    4
   ]
  },
  {
   "step": 10,
   "moveturn": "W",
   "position": [
    "b",
    4
   ]
  },
  {
   "step": 11,
   "moveturn": "B",
   "position": [
    "b",
    5
   ]
  },
  {
   "step": 12,
   "moveturn": "W",
   "position": [
    "b",
    3
   ]
  },
  {
   "step": 13,
   "moveturn": "B",
   "position": [
    "c",
    5
   ]
  },
  {
   "step": 14,
   "moveturn": "W",
   "position": [
    "e",
    2
   ]
  },
  {
   "step": 15,
   "moveturn": "B",
   "position": [
    "f",
    2
   ]
  },
  {
   "step": 16,
   "moveturn": "W",
   "position": [
    "e",
    3
   ]
  },
  {
   "step": 17,
   "moveturn": "B",
   "position": [
    "f",
    3
   ]
  },
  {
   "step": 18,
   "moveturn": "W",
   "position": [
    "b",
    6
   ]
  },
  {
   "step": 19,
   "moveturn": "B",
   "position": [
    "a",
    6
   ]
  },
  {
   "step": 20,
   "moveturn": "W",
   "position": [
    "c",
    10
   ]
  },
  {
   "step": 21,
   "moveturn": "B",
   "position": [
    "d",
    6
   ]
  },
  {
   "step": 22,
   "moveturn": "W",
   "position": [
    "q",
    7
   ]
  },
  {
   "step": 23,
   "moveturn": "B",
   "position": [
    "q",
    5
   ]
  },
  {
   "step": 24,
   "moveturn": "W",
   "position": [
    "q",
    10
   ]
  },
  {
   "step": 25,
   "moveturn": "B",
   "position": [
    "d",
    11
   ]
  },
  {
   "step": 26,
   "moveturn": "W",
   "position": [
    "c",
    11
   ]
  },
  {
   "step": 27,
   "moveturn": "B",
   "position": [
    "d",
    13
   ]
  },
  {
   "step": 28,
   "moveturn": "W",
   "position": [
    "d",
    12
   ]
  },
  {
   "step": 29,
   "moveturn": "B",
   "position": [
    "e",
    12
   ]
  },
  {
   "step": 30,
   "moveturn": "W",
   "position": [
    "c",
    12
   ]
  },
  {
   "step": 31,
   "moveturn": "B",
   "position": [
    "f",
    16
   ]
  },
  {
   "step": 32,
   "moveturn": "W",
   "position": [
    "c",
    14
   ]
  },
  {
   "step": 33,
   "moveturn": "B",
   "position": [
    "o",
    17
   ]
  },
  {
   "step": 34,
   "moveturn": "W",
   "position": [
    "r",
    14
   ]
  },
  {
   "step": 35,
   "moveturn": "B",
   "position": [
    "d",
    17
   ]
  },
  {
   "step": 36,
   "moveturn": "W",
   "position": [
    "c",
    17
   ]
  },
  {
   "step": 37,
   "moveturn": "B",
   "position": [
    "e",
    17
   ]
  },
  {
   "step": 38,
   "moveturn": "W",
   "position": [
    "l",
    17
   ]
  },
  {
   "step": 39,
   "moveturn": "B",
   "position": [
    "j",
    17
   ]
  },
  {
   "step": 40,
   "moveturn": "W",
   "position": [
    "p",
    17
   ]
  },
  {
   "step": 41,
   "moveturn": "B",
   "position": [
    "o",
    16
   ]
  },
  {
   "step": 42,
   "moveturn": "W",
   "position": [
    "l",
    15
   ]
  },
  {
   "step": 43,
   "moveturn": "B",
   "position": [
    "o",
    13
   ]
  },
  {
   "step": 44,
   "moveturn": "W",
   "position": [
    "q",
    13
   ]
  },
  {
   "step": 45,
   "moveturn": "B",
   "position": [
    "m",
    13
   ]
  },
  {
   "step": 46,
   "moveturn": "W",
   "position": [
    "n",
    15
   ]
  },
  {
   "step": 47,
   "moveturn": "B",
   "position": [
    "q",
    15
   ]
  },
  {
   "step": 48,
   "moveturn": "W",
   "position": [
    "r",
    15
   ]
  },
  {
   "step": 49,
   "moveturn": "B",
   "position": [
    "p",
    16
   ]
  },
  {
   "step": 50,
   "moveturn": "W",
   "position": [
    "q",
    17
   ]
  },
  {
   "step": 51,
   "moveturn": "B",
   "position": [
    "p",
    14
   ]
  },
  {
   "step": 52,
   "moveturn": "W",
   "position": [
    "j",
    15
   ]
  },
  {
   "step": 53,
   "moveturn": "B",
   "position": [
    "k",
    17
   ]
  },
  {
   "step": 54,
   "moveturn": "W",
   "position": [
    "m",
    18
   ]
  },
  {
   "step": 55,
   "moveturn": "B",
   "position": [
    "p",
    18
   ]
  },
  {
   "step": 56,
   "moveturn": "W",
   "position": [
    "k",
    13
   ]
  },
  {
   "step": 57,
   "moveturn": "B",
   "position": [
    "q",
    18
   ]
  },
  {
   "step": 58,
   "moveturn": "W",
   "position": [
    "r",
    18
   ]
  },
  {
   "step": 59,
   "moveturn": "B",
   "position": [
    "s",
    18
   ]
  },
  {
   "step": 60,
   "moveturn": "W",
   "position": [
    "r",
    17
   ]
  },
  {
   "step": 61,
   "moveturn": "B",
   "position": [
    "r",
    19
   ]
  },
  {
   "step": 62,
   "moveturn": "W",
   "position": [
    "s",
    17
   ]
  },
  {
   "step": 63,
   "moveturn": "B",
   "position": [
    "l",
    11
   ]
  },
  {
   "step": 64,
   "moveturn": "W",
   "position": [
    "j",
    11
   ]
  },
  {
   "step": 65,
   "moveturn": "B",
   "position": [
    "p",
    11
   ]
  },
  {
   "step": 66,
   "moveturn": "W",
   "position": [
    "n",
    11
   ]
  },
  {
   "step": 67,
   "moveturn": "B",
   "position": [
    "l",
    13
   ]
  },
  {
   "step": 68,
   "moveturn": "W",
   "position": [
    "k",
    12
   ]
  },
  {
   "step": 69,
   "moveturn": "B",
   "position": [
    "m",
    11
   ]
  },
  {
   "step": 70,
   "moveturn": "W",
   "position": [
    "p",
    10
   ]
  },
  {
   "step": 71,
   "moveturn": "B",
   "position": [
    "j",
    10
   ]
  },
  {
   "step": 72,
   "moveturn": "W",
   "position": [
    "h",
    10
   ]
  },
  {
   "step": 73,
   "moveturn": "B",
   "position": [
    "j",
    9
   ]
  },
  {
   "step": 74,
   "moveturn": "W",
   "position": [
    "p",
    4
   ]
  },
  {
   "step": 75,
   "moveturn": "B",
   "position": [
    "p",
    5
   ]
  },
  {
   "step": 76,
   "moveturn": "W",
   "position": [
    "n",
    4
   ]
  },
  {
   "step": 77,
   "moveturn": "B",
   "position": [
    "o",
    5
   ]
  },
  {
   "step": 78,
   "moveturn": "W",
   "position": [
    "l",
    4
   ]
  },
  {
   "step": 79,
   "moveturn": "B",
   "position": [
    "k",
    4
   ]
  },
  {
   "step": 80,
   "moveturn": "W",
   "position": [
    "l",
    5
   ]
  },
  {
   "step": 81,
   "moveturn": "B",
   "position": [
    "m",
    3
   ]
  },
  {
   "step": 82,
   "moveturn": "W",
   "position": [
    "n",
    5
   ]
  },
  {
   "step": 83,
   "moveturn": "B",
   "position": [
    "p",
    7
   ]
  },
  {
   "step": 84,
   "moveturn": "W",
   "position": [
    "k",
    3
   ]
  },
  {
   "step": 85,
   "moveturn": "B",
   "position": [
    "k",
    2
   ]
  },
  {
   "step": 86,
   "moveturn": "W",
   "position": [
    "n",
    3
   ]
  },
  {
   "step": 87,
   "moveturn": "B",
   "position": [
    "j",
    3
   ]
  },
  {
   "step": 88,
   "moveturn": "W",
   "position": [
    "r",
    2
   ]
  },
  {
   "step": 89,
   "moveturn": "B",
   "position": [
    "q",
    3
   ]
  },
  {
   "step": 90,
   "moveturn": "W",
   "position": [
    "q",
    2
   ]
  },
  {
   "step": 91,
   "moveturn": "B",
   "position": [
    "p",
    3
   ]
  },
  {
   "step": 92,
   "moveturn": "W",
   "position": [
    "p",
    2
   ]
  },
  {
   "step": 93,
   "moveturn": "B",
   "position": [
    "o",
    2
   ]
  },
  {
   "step": 94,
   "moveturn": "W",
   "position": [
    "n",
    2
   ]
  },
  {
   "step": 95,
   "moveturn": "B",
   "position": [
    "o",
    3
   ]
  },
  {
   "step": 96,
   "moveturn": "W",
   "position": [
    "o",
    1
   ]
  },
  {
   "step": 97,
   "moveturn": "B",
   "position": [
    "s",
    3
   ]
  },
  {
   "step": 98,
   "moveturn": "W",
   "position": [
    "n",
    7
   ]
  },
  {
   "step": 99,
   "moveturn": "B",
   "position": [
    "o",
    8
   ]
  },
  {
   "step": 100,
   "moveturn": "W",
   "position": [
    "l",
    8
   ]
  },
  {
   "step": 101,
   "moveturn": "B",
   "position": [
    "o",
    10
   ]
  },
  {
   "step": 102,
   "moveturn": "W",
   "position": [
    "q",
    8
   ]
  },
  {
   "step": 103,
   "moveturn": "B",
   "position": [
    "s",
    2
   ]
  },
  {
   "step": 104,
   "moveturn": "W",
   "position": [
    "n",
    8
   ]
  },
  {
   "step": 105,
   "moveturn": "B",
   "position": [
    "o",
    9
   ]
  },
  {
   "step": 106,
   "moveturn": "W",
   "position": [
    "j",
    6
   ]
  },
  {
   "step": 107,
   "moveturn": "B",
   "position": [
    "q",
    11
   ]
  },
  {
   "step": 108,
   "moveturn": "W",
   "position": [
    "r",
    11
   ]
  },
  {
   "step": 109,
   "moveturn": "B",
   "position": [
    "r",
    10
   ]
  },
  {
   "step": 110,
   "moveturn": "W",
   "position": [
    "r",
    9
   ]
  },
  {
   "step": 111,
   "moveturn": "B",
   "position": [
    "r",
    12
   ]
  },
  {
   "step": 112,
   "moveturn": "W",
   "position": [
    "s",
    11
   ]
  },
  {
   "step": 113,
   "moveturn": "B",
   "position": [
    "s",
    12
   ]
  },
  {
   "step": 114,
   "moveturn": "W",
   "position": [
    "s",
    10
   ]
  },
  {
   "step": 115,
   "moveturn": "B",
   "position": [
    "q",
    12
   ]
  },
  {
   "step": 116,
   "moveturn": "W",
   "position": [
    "m",
    9
   ]
  },
  {
   "step": 117,
   "moveturn": "B",
   "position": [
    "s",
    14
   ]
  },
  {
   "step": 118,
   "moveturn": "W",
   "position": [
    "s",
    19
   ]
  },
  {
   "step": 119,
   "moveturn": "B",
   "position": [
    "t",
    19
   ]
  },
  {
   "step": 120,
   "moveturn": "W",
   "position": [
    "s",
    15
   ]
  },
  {
   "step": 121,
   "moveturn": "B",
   "position": [
    "r",
    13
   ]
  },
  {
   "step": 122,
   "moveturn": "W",
   "position": [
    "q",
    14
   ]
  },
  {
   "step": 123,
   "moveturn": "B",
   "position": [
    "n",
    18
   ]
  },
  {
   "step": 124,
   "moveturn": "W",
   "position": [
    "t",
    14
   ]
  },
  {
   "step": 125,
   "moveturn": "B",
   "position": [
    "h",
    9
   ]
  },
  {
   "step": 126,
   "moveturn": "W",
   "position": [
    "o",
    14
   ]
  },
  {
   "step": 127,
   "moveturn": "B",
   "position": [
    "n",
    14
   ]
  },
  {
   "step": 128,
   "moveturn": "W",
   "position": [
    "h",
    7
   ]
  },
  {
   "step": 129,
   "moveturn": "B",
   "position": [
    "p",
    13
   ]
  },
  {
   "step": 130,
   "moveturn": "W",
   "position": [
    "s",
    13
   ]
  },
  {
   "step": 131,
   "moveturn": "B",
   "position": [
    "h",
    11
   ]
  },
  {
   "step": 132,
   "moveturn": "W",
   "position": [
    "h",
    12
   ]
  },
  {
   "step": 133,
   "moveturn": "B",
   "position": [
    "g",
    10
   ]
  },
  {
   "step": 134,
   "moveturn": "W",
   "position": [
    "g",
    12
   ]
  },
  {
   "step": 135,
   "moveturn": "B",
   "position": [
    "c",
    18
   ]
  },
  {
   "step": 136,
   "moveturn": "W",
   "position": [
    "c",
    16
   ]
  },
  {
   "step": 137,
   "moveturn": "B",
   "position": [
    "b",
    18
   ]
  },
  {
   "step": 138,
   "moveturn": "W",
   "position": [
    "k",
    11
   ]
  },
  {
   "step": 139,
   "moveturn": "B",
   "position": [
    "k",
    10
   ]
  },
  {
   "step": 140,
   "moveturn": "W",
   "position": [
    "h",
    16
   ]
  },
  {
   "step": 141,
   "moveturn": "B",
   "position": [
    "h",
    17
   ]
  },
  {
   "step": 142,
   "moveturn": "W",
   "position": [
    "c",
    8
   ]
  },
  {
   "step": 143,
   "moveturn": "B",
   "position": [
    "e",
    1
   ]
  },
  {
   "step": 144,
   "moveturn": "W",
   "position": [
    "d",
    1
   ]
  },
  {
   "step": 145,
   "moveturn": "B",
   "position": [
    "d",
    3
   ]
  },
  {
   "step": 146,
   "moveturn": "W",
   "position": [
    "d",
    2
   ]
  },
  {
   "step": 147,
   "moveturn": "B",
   "position": [
    "b",
    1
   ]
  },
  {
   "step": 148,
   "moveturn": "W",
   "position": [
    "b",
    2
   ]
  },
  {
   "step": 149,
   "moveturn": "B",
   "position": [
    "e",
    4
   ]
  },
  {
   "step": 150,
   "moveturn": "W",
   "position": [
    "f",
    1
   ]
  },
  {
   "step": 151,
   "moveturn": "B",
   "position": [
    "j",
    8
   ]
  },
  {
   "step": 152,
   "moveturn": "W",
   "position": [
    "j",
    7
   ]
  },
  {
   "step": 153,
   "moveturn": "B",
   "position": [
    "k",
    5
   ]
  },
  {
   "step": 154,
   "moveturn": "W",
   "position": [
    "k",
    6
   ]
  },
  {
   "step": 155,
   "moveturn": "B",
   "position": [
    "g",
    16
   ]
  },
  {
   "step": 156,
   "moveturn": "W",
   "position": [
    "f",
    11
   ]
  },
  {
   "step": 157,
   "moveturn": "B",
   "position": [
    "s",
    7
   ]
  },
  {
   "step": 158,
   "moveturn": "W",
   "position": [
    "k",
    18
   ]
  },
  {
   "step": 159,
   "moveturn": "B",
   "position": [
    "c",
    7
   ]
  },
  {
   "step": 160,
   "moveturn": "W",
   "position": [
    "b",
    7
   ]
  },
  {
   "step": 161,
   "moveturn": "B",
   "position": [
    "d",
    7
   ]
  },
  {
   "step": 162,
   "moveturn": "W",
   "position": [
    "n",
    10
   ]
  },
  {
   "step": 163,
   "moveturn": "B",
   "position": [
    "o",
    11
   ]
  },
  {
   "step": 164,
   "moveturn": "W",
   "position": [
    "e",
    9
   ]
  },
  {
   "step": 165,
   "moveturn": "B",
   "position": [
    "s",
    8
   ]
  },
  {
   "step": 166,
   "moveturn": "W",
   "position": [
    "t",
    12
   ]
  },
  {
   "step": 167,
   "moveturn": "B",
   "position": [
    "k",
    8
   ]
  },
  {
   "step": 168,
   "moveturn": "W",
   "position": [
    "g",
    8
   ]
  },
  {
   "step": 169,
   "moveturn": "B",
   "position": [
    "l",
    9
   ]
  },
  {
   "step": 170,
   "moveturn": "W",
   "position": [
    "d",
    8
   ]
  },
  {
   "step": 171,
   "moveturn": "B",
   "position": [
    "b",
    8
   ]
  },
  {
   "step": 172,
   "moveturn": "W",
   "position": [
    "b",
    9
   ]
  },
  {
   "step": 173,
   "moveturn": "B",
   "position": [
    "l",
    7
   ]
  },
  {
   "step": 174,
   "moveturn": "W",
   "position": [
    "m",
    8
   ]
  },
  {
   "step": 175,
   "moveturn": "B",
   "position": [
    "f",
    10
   ]
  },
  {
   "step": 176,
   "moveturn": "W",
   "position": [
    "e",
    11
   ]
  },
  {
   "step": 177,
   "moveturn": "B",
   "position": [
    "k",
    7
   ]
  },
  {
   "step": 178,
   "moveturn": "W",
   "position": [
    "l",
    6
   ]
  },
  {
   "step": 179,
   "moveturn": "B",
   "position": [
    "a",
    7
   ]
  },
  {
   "step": 180,
   "moveturn": "W",
   "position": [
    "j",
    19
   ]
  },
  {
   "step": 181,
   "moveturn": "B",
   "position": [
    "h",
    15
   ]
  },
  {
   "step": 182,
   "moveturn": "W",
   "position": [
    "m",
    10
   ]
  },
  {
   "step": 183,
   "moveturn": "B",
   "position": [
    "l",
    10
   ]
  },
  {
   "step": 184,
   "moveturn": "W",
   "position": [
    "r",
    6
   ]
  },
  {
   "step": 185,
   "moveturn": "B",
   "position": [
    "s",
    6
   ]
  },
  {
   "step": 186,
   "moveturn": "W",
   "position": [
    "j",
    16
   ]
  },
  {
   "step": 187,
   "moveturn": "B",
   "position": [
    "h",
    14
   ]
  },
  {
   "step": 188,
   "moveturn": "W",
   "position": [
    "f",
    18
   ]
  },
  {
   "step": 189,
   "moveturn": "B",
   "position": [
    "g",
    18
   ]
  },
  {
   "step": 190,
   "moveturn": "W",
   "position": [
    "g",
    19
   ]
  },
  {
   "step": 191,
   "moveturn": "B",
   "position": [
    "f",
    14
   ]
  },
  {
   "step": 192,
   "moveturn": "W",
   "position": [
    "r",
    5
   ]
  },
  {
   "step": 193,
   "moveturn": "B",
   "position": [
    "s",
    5
   ]
  },
  {
   "step": 194,
   "moveturn": "W",
   "position": [
    "o",
    4
   ]
  },
  {
   "step": 195,
   "moveturn": "B",
   "position": [
    "e",
    18
   ]
  },
  {
   "step": 196,
   "moveturn": "W",
   "position": [
    "b",
    17
   ]
  },
  {
   "step": 197,
   "moveturn": "B",
   "position": [
    "c",
    13
   ]
  },
  {
   "step": 198,
   "moveturn": "W",
   "position": [
    "d",
    14
   ]
  },
  {
   "step": 199,
   "moveturn": "B",
   "position": [
    "e",
    13
   ]
  },
  {
   "step": 200,
   "moveturn": "W",
   "position": [
    "b",
    13
   ]
  },
  {
   "step": 201,
   "moveturn": "B",
   "position": [
    "f",
    8
   ]
  },
  {
   "step": 202,
   "moveturn": "W",
   "position": [
    "f",
    9
   ]
  },
  {
   "step": 203,
   "moveturn": "B",
   "position": [
    "f",
    7
   ]
  },
  {
   "step": 204,
   "moveturn": "W",
   "position": [
    "g",
    9
   ]
  },
  {
   "step": 205,
   "moveturn": "B",
   "position": [
    "b",
    15
   ]
  },
  {
   "step": 206,
   "moveturn": "W",
   "position": [
    "g",
    2
   ]
  },
  {
   "step": 207,
   "moveturn": "B",
   "position": [
    "b",
    14
   ]
  },
  {
   "step": 208,
   "moveturn": "W",
   "position": [
    "b",
    12
   ]
  },
  {
   "step": 209,
   "moveturn": "B",
   "position": [
    "a",
    17
   ]
  },
  {
   "step": 210,
   "moveturn": "W",
   "position": [
    "a",
    16
   ]
  },
  {
   "step": 211,
   "moveturn": "B",
   "position": [
    "a",
    18
   ]
  },
  {
   "step": 212,
   "moveturn": "W",
   "position": [
    "b",
    16
   ]
  },
  {
   "step": 213,
   "moveturn": "B",
   "position": [
    "k",
    16
   ]
  },
  {
   "step": 214,
   "moveturn": "W",
   "position": [
    "k",
    15
   ]
  },
  {
   "step": 215,
   "moveturn": "B",
   "position": [
    "m",
    19
   ]
  },
  {
   "step": 216,
   "moveturn": "W",
   "position": [
    "m",
    16
   ]
  },
  {
   "step": 217,
   "moveturn": "B",
   "position": [
    "n",
    17
   ]
  },
  {
   "step": 218,
   "moveturn": "W",
   "position": [
    "l",
    16
   ]
  },
  {
   "step": 219,
   "moveturn": "B",
   "position": [
    "l",
    19
   ]
  },
  {
   "step": 220,
   "moveturn": "W",
   "position": [
    "l",
    18
   ]
  },
  {
   "step": 221,
   "moveturn": "B",
   "position": [
    "h",
    2
   ]
  },
  {
   "step": 222,
   "moveturn": "W",
   "position": [
    "o",
    15
   ]
  },
  {
   "step": 223,
   "moveturn": "B",
   "position": [
    "p",
    15
   ]
  },
  {
   "step": 224,
   "moveturn": "W",
   "position": [
    "n",
    12
   ]
  },
  {
   "step": 225,
   "moveturn": "B",
   "position": [
    "n",
    13
   ]
  },
  {
   "step": 226,
   "moveturn": "W",
   "position": [
    "g",
    6
   ]
  },
  {
   "step": 227,
   "moveturn": "B",
   "position": [
    "e",
    10
   ]
  },
  {
   "step": 228,
   "moveturn": "W",
   "position": [
    "d",
    10
   ]
  },
  {
   "step": 229,
   "moveturn": "B",
   "position": [
    "f",
    6
   ]
  },
  {
   "step": 230,
   "moveturn": "W",
   "position": [
    "q",
    19
   ]
  },
  {
   "step": 231,
   "moveturn": "B",
   "position": [
    "p",
    19
   ]
  },
  {
   "step": 232,
   "moveturn": "W",
   "position": [
    "t",
    17
   ]
  },
  {
   "step": 233,
   "moveturn": "B",
   "position": [
    "m",
    2
   ]
  },
  {
   "step": 234,
   "moveturn": "W",
   "position": [
    "k",
    19
   ]
  },
  {
   "step": 235,
   "moveturn": "B",
   "position": [
    "n",
    19
   ]
  },
  {
   "step": 236,
   "moveturn": "W",
   "position": [
    "g",
    5
   ]
  },
  {
   "step": 237,
   "moveturn": "B",
   "position": [
    "p",
    9
   ]
  },
  {
   "step": 238,
   "moveturn": "W",
   "position": [
    "t",
    18
   ]
  },
  {
   "step": 239,
   "moveturn": "B",
   "position": [
    "q",
    9
   ]
  },
  {
   "step": 240,
   "moveturn": "W",
   "position": [
    "r",
    8
   ]
  },
  {
   "step": 241,
   "moveturn": "B",
   "position": [
    "q",
    6
   ]
  },
  {
   "step": 242,
   "moveturn": "W",
   "position": [
    "r",
    7
   ]
  },
  {
   "step": 243,
   "moveturn": "B",
   "position": [
    "s",
    9
   ]
  },
  {
   "step": 244,
   "moveturn": "W",
   "position": [
    "r",
    10
   ]
  },
  {
   "step": 245,
   "moveturn": "B",
   "position": [
    "j",
    5
   ]
  },
  {
   "step": 246,
   "moveturn": "W",
   "position": [
    "o",
    6
   ]
  },
  {
   "step": 247,
   "moveturn": "B",
   "position": [
    "r",
    3
   ]
  },
  {
   "step": 248,
   "moveturn": "W",
   "position": [
    "s",
    1
   ]
  },
  {
   "step": 249,
   "moveturn": "B",
   "position": [
    "g",
    7
   ]
  },
  {
   "step": 250,
   "moveturn": "W",
   "position": [
    "h",
    8
   ]
  }
 ],
 "id": -1,
 "winner": "NONE",
 "name": "1378994738019999292-250",
 "gamename": "1378994738019999292"
}