{
 "movetrace": [
  {
   "step": 1,
   "moveturn": "B",
   "position": [
    "d",
    4
   ]
  },
  {
   "step": 2,
   "moveturn": "W",
   "position": [
    "q",
    16
   ]
  },
  {
   "step": 3,
   "moveturn": "B",
   "position": [
    "r",
    4
   ]
  },
  {
   "step": 4,
   "moveturn": "W",
   "position": [
    "d",
    16
   ]
  },
  {
   "step": 5,
   "moveturn": "B",
   "position": [
    "l",
    3
   ]
  },
  {
   "step": 6,
   "moveturn": "W",
   "position": [
    "c",
    6
   ]
  },
  {
   "step": 7,
   "moveturn": "B",
   "position": [
    "f",
    4
   ]
  },
  {
   "step": 8,
   "moveturn": "W",
   "position": [
    "c",
    3
   ]
  },
  {
   "step": 9,
   "moveturn": "B",
   "position": [
    "c",
    4
   ]
  },
  {
   "step": 10,
   "moveturn": "W",
   "position": [
    "b",
    4
   ]
  },
  {
   "step": 11,
   "moveturn": "B",
   "position": [
    "b",
    5
   ]
  },
  {
   "step": 12,
   "moveturn": "W",
   "position": [
    "b",
    3
   ]
  },
  {
   "step": 13,
   "moveturn": "B",
   "position": [
    "c",
    5
   ]
  },
  {
   "step": 14,
   "moveturn": "W",
   "position": [
    "e",
    2
   ]
  }
 ],
 "id": -1,
 "winner": "NONE",
 "name": "1378994738019999292-14",
 "gamename": "1378994738019999292"
}