{
 "movetrace": [
  {
   "step": 1,
   "moveturn": "B",
   "position": [
    "d",
    4
   ]
  },
  {
   "step": 2,
   "moveturn": "W",
   "position": [
    "q",
    16
   ]
  },
  {
   "step": 3,
   "moveturn": "B",
   "position": [
    "r",
    4
   ]
  },
  {
   "step": 4,
   "moveturn": "W",
   "position": [
    "d",
    16
   ]
  },
  {
   "step": 5,
   "moveturn": "B",
   "position": [
    "l",
    3
   ]
  },
  {
   "step": 6,
   "moveturn": "W",
   "position": [
    "c",
    6
   ]
  },
  {
   "step": 7,
   "moveturn": "B",
   "position": [
    "f",
    4
   ]
  },
  {
   "step": 8,
   "moveturn": "W",
   "position": [
    "c",
    3
   ]
  },
  {
   "step": 9,
   "moveturn": "B",
   "position": [
    "c",
    4
   ]
  },
  {
   "step": 10,
   "moveturn": "W",
   "position": [
    "b",
    4
   ]
  },
  {
   "step": 11,
   "moveturn": "B",
   "position": [
    "b",
    5
   ]
  },
  {
   "step": 12,
   "moveturn": "W",
   "position": [
    "b",
    3
   ]
  },
  {
   "step": 13,
   "moveturn": "B",
   "position": [
    "c",
    5
   ]
  },
  {
   "step": 14,
   "moveturn": "W",
   "position": [
    "e",
    2
   ]
  },
  {
   "step": 15,
   "moveturn": "B",
   "position": [
    "f",
    2
   ]
  },
  {
   "step": 16,
   "moveturn": "W",
   "position": [
    "e",
    3
   ]
  },
  {
   "step": 17,
   "moveturn": "B",
   "position": [
    "f",
    3
   ]
  },
  {
   "step": 18,
   "moveturn": "W",
   "position": [
    "b",
    6
   ]
  },
  {
   "step": 19,
   "moveturn": "B",
   "position": [
    "a",
    6
   ]
  },
  {
   "step": 20,
   "moveturn": "W",
   "position": [
    "c",
    10
   ]
  },
  {
   "step": 21,
   "moveturn": "B",
   "position": [
    "d",
    6
   ]
  },
  {
   "step": 22,
   "moveturn": "W",
   "position": [
    "q",
    7
   ]
  },
  {
   "step": 23,
   "moveturn": "B",
   "position": [
    "q",
    5
   ]
  },
  {
   "step": 24,
   "moveturn": "W",
   "position": [
    "q",
    10
   ]
  },
  {
   "step": 25,
   "moveturn": "B",
   "position": [
    "d",
    11
   ]
  },
  {
   "step": 26,
   "moveturn": "W",
   "position": [
    "c",
    11
   ]
  },
  {
   "step": 27,
   "moveturn": "B",
   "position": [
    "d",
    13
   ]
  },
  {
   "step": 28,
   "moveturn": "W",
   "position": [
    "d",
    12
   ]
  },
  {
   "step": 29,
   "moveturn": "B",
   "position": [
    "e",
    12
   ]
  },
  {
   "step": 30,
   "moveturn": "W",
   "position": [
    "c",
    12
   ]
  },
  {
   "step": 31,
   "moveturn": "B",
   "position": [
    "f",
    16
   ]
  },
  {
   "step": 32,
   "moveturn": "W",
   "position": [
    "c",
    14
   ]
  },
  {
   "step": 33,
   "moveturn": "B",
   "position": [
    "o",
    17
   ]
  },
  {
   "step": 34,
   "moveturn": "W",
   "position": [
    "r",
    14
   ]
  },
  {
   "step": 35,
   "moveturn": "B",
   "position": [
    "d",
    17
   ]
  },
  {
   "step": 36,
   "moveturn": "W",
   "position": [
    "c",
    17
   ]
  },
  {
   "step": 37,
   "moveturn": "B",
   "position": [
    "e",
    17
   ]
  },
  {
   "step": 38,
   "moveturn": "W",
   "position": [
    "l",
    17
   ]
  },
  {
   "step": 39,
   "moveturn": "B",
   "position": [
    "j",
    17
   ]
  },
  {
   "step": 40,
   "moveturn": "W",
   "position": [
    "p",
    17
   ]
  },
  {
   "step": 41,
   "moveturn": "B",
   "position": [
    "o",
    16
   ]
  },
  {
   "step": 42,
   "moveturn": "W",
   "position": [
    "l",
    15
   ]
  },
  {
   "step": 43,
   "moveturn": "B",
   "position": [
    "o",
    13
   ]
  },
  {
   "step": 44,
   "moveturn": "W",
   "position": [
    "q",
    13
   ]
  },
  {
   "step": 45,
   "moveturn": "B",
   "position": [
    "m",
    13
   ]
  },
  {
   "step": 46,
   "moveturn": "W",
   "position": [
    "n",
    15
   ]
  },
  {
   "step": 47,
   "moveturn": "B",
   "position": [
    "q",
    15
   ]
  },
  {
   "step": 48,
   "moveturn": "W",
   "position": [
    "r",
    15
   ]
  },
  {
   "step": 49,
   "moveturn": "B",
   "position": [
    "p",
    16
   ]
  },
  {
   "step": 50,
   "moveturn": "W",
   "position": [
    "q",
    17
   ]
  },
  {
   "step": 51,
   "moveturn": "B",
   "position": [
    "p",
    14
   ]
  },
  {
   "step": 52,
   "moveturn": "W",
   "position": [
    "j",
    15
   ]
  },
  {
   "step": 53,
   "moveturn": "B",
   "position": [
    "k",
    17
   ]
  },
  {
   "step": 54,
   "moveturn": "W",
   "position": [
    "m",
    18
   ]
  },
  {
   "step": 55,
   "moveturn": "B",
   "position": [
    "p",
    18
   ]
  },
  {
   "step": 56,
   "moveturn": "W",
   "position": [
    "k",
    13
   ]
  },
  {
   "step": 57,
   "moveturn": "B",
   "position": [
    "q",
    18
   ]
  },
  {
   "step": 58,
   "moveturn": "W",
   "position": [
    "r",
    18
   ]
  },
  {
   "step": 59,
   "moveturn": "B",
   "position": [
    "s",
    18
   ]
  },
  {
   "step": 60,
   "moveturn": "W",
   "position": [
    "r",
    17
   ]
  },
  {
   "step": 61,
   "moveturn": "B",
   "position": [
    "r",
    19
   ]
  },
  {
   "step": 62,
   "moveturn": "W",
   "position": [
    "s",
    17
   ]
  },
  {
   "step": 63,
   "moveturn": "B",
   "position": [
    "l",
    11
   ]
  },
  {
   "step": 64,
   "moveturn": "W",
   "position": [
    "j",
    11
   ]
  },
  {
   "step": 65,
   "moveturn": "B",
   "position": [
    "p",
    11
   ]
  },
  {
   "step": 66,
   "moveturn": "W",
   "position": [
    "n",
    11
   ]
  },
  {
   "step": 67,
   "moveturn": "B",
   "position": [
    "l",
    13
   ]
  },
  {
   "step": 68,
   "moveturn": "W",
   "position": [
    "k",
    12
   ]
  },
  {
   "step": 69,
   "moveturn": "B",
   "position": [
    "m",
    11
   ]
  },
  {
   "step": 70,
   "moveturn": "W",
   "position": [
    "p",
    10
   ]
  },
  {
   "step": 71,
   "moveturn": "B",
   "position": [
    "j",
    10
   ]
  },
  {
   "step": 72,
   "moveturn": "W",
   "position": [
    "h",
    10
   ]
  }
 ],
 "id": -1,
 "winner": "NONE",
 "name": "1378994738019999292-72",
 "gamename": "1378994738019999292"
}