{
 "movetrace": [
  {
   "step": 1,
   "moveturn": "B",
   "position": [
    "d",
    4
   ]
  },
  {
   "step": 2,
   "moveturn": "W",
   "position": [
    "q",
    16
   ]
  },
  {
   "step": 3,
   "moveturn": "B",
   "position": [
    "q",
    3
   ]
  },
  {
   "step": 4,
   "moveturn": "W",
   "position": [
    "c",
    16
   ]
  },
  {
   "step": 5,
   "moveturn": "B",
   "position": [
    "r",
    14
   ]
  },
  {
   "step": 6,
   "moveturn": "W",
   "position": [
    "o",
    17
   ]
  },
  {
   "step": 7,
   "moveturn": "B",
   "position": [
    "r",
    8
   ]
  },
  {
   "step": 8,
   "moveturn": "W",
   "position": [
    "k",
    3
   ]
  },
  {
   "step": 9,
   "moveturn": "B",
   "position": [
    "f",
    3
   ]
  },
  {
   "step": 10,
   "moveturn": "W",
   "position": [
    "n",
    3
   ]
  },
  {
   "step": 11,
   "moveturn": "B",
   "position": [
    "o",
    4
   ]
  },
  {
   "step": 12,
   "moveturn": "W",
   "position": [
    "o",
    3
   ]
  },
  {
   "step": 13,
   "moveturn": "B",
   "position": [
    "p",
    3
   ]
  },
  {
   "step": 14,
   "moveturn": "W",
   "position": [
    "p",
    5
   ]
  },
  {
   "step": 15,
   "moveturn": "B",
   "position": [
    "n",
    4
   ]
  },
  {
   "step": 16,
   "moveturn": "W",
   "position": [
    "m",
    4
   ]
  },
  {
   "step": 17,
   "moveturn": "B",
   "position": [
    "m",
    5
   ]
  },
  {
   "step": 18,
   "moveturn": "W",
   "position": [
    "l",
    4
   ]
  },
  {
   "step": 19,
   "moveturn": "B",
   "position": [
    "p",
    7
   ]
  },
  {
   "step": 20,
   "moveturn": "W",
   "position": [
    "q",
    7
   ]
  },
  {
   "step": 21,
   "moveturn": "B",
   "position": [
    "q",
    8
   ]
  },
  {
   "step": 22,
   "moveturn": "W",
   "position": [
    "o",
    7
   ]
  },
  {
   "step": 23,
   "moveturn": "B",
   "position": [
    "p",
    6
   ]
  },
  {
   "step": 24,
   "moveturn": "W",
   "position": [
    "o",
    6
   ]
  },
  {
   "step": 25,
   "moveturn": "B",
   "position": [
    "o",
    5
   ]
  },
  {
   "step": 26,
   "moveturn": "W",
   "position": [
    "p",
    8
   ]
  },
  {
   "step": 27,
   "moveturn": "B",
   "position": [
    "q",
    6
   ]
  },
  {
   "step": 28,
   "moveturn": "W",
   "position": [
    "p",
    9
   ]
  },
  {
   "step": 29,
   "moveturn": "B",
   "position": [
    "q",
    10
   ]
  },
  {
   "step": 30,
   "moveturn": "W",
   "position": [
    "o",
    11
   ]
  },
  {
   "step": 31,
   "moveturn": "B",
   "position": [
    "q",
    5
   ]
  },
  {
   "step": 32,
   "moveturn": "W",
   "position": [
    "e",
    17
   ]
  },
  {
   "step": 33,
   "moveturn": "B",
   "position": [
    "c",
    10
   ]
  },
  {
   "step": 34,
   "moveturn": "W",
   "position": [
    "q",
    12
   ]
  },
  {
   "step": 35,
   "moveturn": "B",
   "position": [
    "r",
    12
   ]
  },
  {
   "step": 36,
   "moveturn": "W",
   "position": [
    "q",
    14
   ]
  },
  {
   "step": 37,
   "moveturn": "B",
   "position": [
    "q",
    13
   ]
  },
  {
   "step": 38,
   "moveturn": "W",
   "position": [
    "p",
    13
   ]
  },
  {
   "step": 39,
   "moveturn": "B",
   "position": [
    "r",
    13
   ]
  },
  {
   "step": 40,
   "moveturn": "W",
   "position": [
    "p",
    14
   ]
  },
  {
   "step": 41,
   "moveturn": "B",
   "position": [
    "j",
    16
   ]
  },
  {
   "step": 42,
   "moveturn": "W",
   "position": [
    "g",
    16
   ]
  },
  {
   "step": 43,
   "moveturn": "B",
   "position": [
    "l",
    17
   ]
  },
  {
   "step": 44,
   "moveturn": "W",
   "position": [
    "c",
    12
   ]
  },
  {
   "step": 45,
   "moveturn": "B",
   "position": [
    "r",
    16
   ]
  },
  {
   "step": 46,
   "moveturn": "W",
   "position": [
    "r",
    17
   ]
  },
  {
   "step": 47,
   "moveturn": "B",
   "position": [
    "q",
    15
   ]
  },
  {
   "step": 48,
   "moveturn": "W",
   "position": [
    "p",
    15
   ]
  },
  {
   "step": 49,
   "moveturn": "B",
   "position": [
    "r",
    15
   ]
  },
  {
   "step": 50,
   "moveturn": "W",
   "position": [
    "c",
    6
   ]
  }
 ],
 "id": -1,
 "winner": "NONE",
 "name": "1381557685019999548-50",
 "gamename": "1381557685019999548"
}