{
 "movetrace": [
  {
   "step": 1,
   "moveturn": "B",
   "position": [
    "d",
    4
   ]
  },
  {
   "step": 2,
   "moveturn": "W",
   "position": [
    "d",
    16
   ]
  },
  {
   "step": 3,
   "moveturn": "B",
   "position": [
    "r",
    4
   ]
  },
  {
   "step": 4,
   "moveturn": "W",
   "position": [
    "q",
    16
   ]
  },
  {
   "step": 5,
   "moveturn": "B",
   "position": [
    "m",
    3
   ]
  },
  {
   "step": 6,
   "moveturn": "W",
   "position": [
    "f",
    3
   ]
  },
  {
   "step": 7,
   "moveturn": "B",
   "position": [
    "e",
    3
   ]
  },
  {
   "step": 8,
   "moveturn": "W",
   "position": [
    "f",
    4
   ]
  },
  {
   "step": 9,
   "moveturn": "B",
   "position": [
    "d",
    6
   ]
  },
  {
   "step": 10,
   "moveturn": "W",
   "position": [
    "j",
    4
   ]
  },
  {
   "step": 11,
   "moveturn": "B",
   "position": [
    "h",
    2
   ]
  },
  {
   "step": 12,
   "moveturn": "W",
   "position": [
    "h",
    3
   ]
  },
  {
   "step": 13,
   "moveturn": "B",
   "position": [
    "f",
    2
   ]
  },
  {
   "step": 14,
   "moveturn": "W",
   "position": [
    "g",
    2
   ]
  },
  {
   "step": 15,
   "moveturn": "B",
   "position": [
    "g",
    1
   ]
  }
 ],
 "id": -1,
 "winner": "NONE",
 "name": "1380893324019999237-15",
 "gamename": "1380893324019999237"
}