{
 "movetrace": [
  {
   "step": 1,
   "moveturn": "B",
   "position": [
    "d",
    4
   ]
  },
  {
   "step": 2,
   "moveturn": "W",
   "position": [
    "d",
    16
   ]
  },
  {
   "step": 3,
   "moveturn": "B",
   "position": [
    "r",
    4
   ]
  },
  {
   "step": 4,
   "moveturn": "W",
   "position": [
    "q",
    16
   ]
  },
  {
   "step": 5,
   "moveturn": "B",
   "position": [
    "m",
    3
   ]
  },
  {
   "step": 6,
   "moveturn": "W",
   "position": [
    "f",
    3
   ]
  }
 ],
 "id": -1,
 "winner": "NONE",
 "name": "1380893324019999237-6",
 "gamename": "1380893324019999237"
}