{
 "movetrace": [
  {
   "step": 1,
   "moveturn": "B",
   "position": [
    "d",
    3
   ]
  },
  {
   "step": 2,
   "moveturn": "W",
   "position": [
    "d",
    16
   ]
  },
  {
   "step": 3,
   "moveturn": "B",
   "position": [
    "r",
    4
   ]
  },
  {
   "step": 4,
   "moveturn": "W",
   "position": [
    "c",
    5
   ]
  },
  {
   "step": 5,
   "moveturn": "B",
   "position": [
    "e",
    4
   ]
  },
  {
   "step": 6,
   "moveturn": "W",
   "position": [
    "q",
    16
   ]
  },
  {
   "step": 7,
   "moveturn": "B",
   "position": [
    "p",
    3
   ]
  },
  {
   "step": 8,
   "moveturn": "W",
   "position": [
    "c",
    9
   ]
  },
  {
   "step": 9,
   "moveturn": "B",
   "position": [
    "r",
    14
   ]
  },
  {
   "step": 10,
   "moveturn": "W",
   "position": [
    "o",
    17
   ]
  },
  {
   "step": 11,
   "moveturn": "B",
   "position": [
    "q",
    10
   ]
  },
  {
   "step": 12,
   "moveturn": "W",
   "position": [
    "k",
    4
   ]
  },
  {
   "step": 13,
   "moveturn": "B",
   "position": [
    "h",
    3
   ]
  },
  {
   "step": 14,
   "moveturn": "W",
   "position": [
    "p",
    5
   ]
  },
  {
   "step": 15,
   "moveturn": "B",
   "position": [
    "n",
    4
   ]
  },
  {
   "step": 16,
   "moveturn": "W",
   "position": [
    "r",
    5
   ]
  },
  {
   "step": 17,
   "moveturn": "B",
   "position": [
    "q",
    4
   ]
  },
  {
   "step": 18,
   "moveturn": "W",
   "position": [
    "q",
    5
   ]
  },
  {
   "step": 19,
   "moveturn": "B",
   "position": [
    "n",
    6
   ]
  },
  {
   "step": 20,
   "moveturn": "W",
   "position": [
    "r",
    8
   ]
  },
  {
   "step": 21,
   "moveturn": "B",
   "position": [
    "r",
    9
   ]
  },
  {
   "step": 22,
   "moveturn": "W",
   "position": [
    "q",
    8
   ]
  },
  {
   "step": 23,
   "moveturn": "B",
   "position": [
    "o",
    9
   ]
  },
  {
   "step": 24,
   "moveturn": "W",
   "position": [
    "n",
    8
   ]
  },
  {
   "step": 25,
   "moveturn": "B",
   "position": [
    "o",
    8
   ]
  },
  {
   "step": 26,
   "moveturn": "W",
   "position": [
    "o",
    7
   ]
  },
  {
   "step": 27,
   "moveturn": "B",
   "position": [
    "n",
    7
   ]
  },
  {
   "step": 28,
   "moveturn": "W",
   "position": [
    "p",
    10
   ]
  },
  {
   "step": 29,
   "moveturn": "B",
   "position": [
    "p",
    9
   ]
  },
  {
   "step": 30,
   "moveturn": "W",
   "position": [
    "q",
    9
   ]
  },
  {
   "step": 31,
   "moveturn": "B",
   "position": [
    "r",
    10
   ]
  },
  {
   "step": 32,
   "moveturn": "W",
   "position": [
    "o",
    6
   ]
  }
 ],
 "id": -1,
 "winner": "NONE",
 "name": "1381495741019999239-32",
 "gamename": "1381495741019999239"
}