{
 "movetrace": [
  {
   "step": 1,
   "moveturn": "B",
   "position": [
    "d",
    4
   ]
  },
  {
   "step": 2,
   "moveturn": "W",
   "position": [
    "q",
    16
   ]
  },
  {
   "step": 3,
   "moveturn": "B",
   "position": [
    "q",
    3
   ]
  },
  {
   "step": 4,
   "moveturn": "W",
   "position": [
    "r",
    5
   ]
  },
  {
   "step": 5,
   "moveturn": "B",
   "position": [
    "d",
    17
   ]
  },
  {
   "step": 6,
   "moveturn": "W",
   "position": [
    "f",
    3
   ]
  },
  {
   "step": 7,
   "moveturn": "B",
   "position": [
    "c",
    6
   ]
  },
  {
   "step": 8,
   "moveturn": "W",
   "position": [
    "m",
    3
   ]
  },
  {
   "step": 9,
   "moveturn": "B",
   "position": [
    "o",
    3
   ]
  },
  {
   "step": 10,
   "moveturn": "W",
   "position": [
    "r",
    3
   ]
  },
  {
   "step": 11,
   "moveturn": "B",
   "position": [
    "r",
    2
   ]
  },
  {
   "step": 12,
   "moveturn": "W",
   "position": [
    "q",
    4
   ]
  },
  {
   "step": 13,
   "moveturn": "B",
   "position": [
    "p",
    2
   ]
  },
  {
   "step": 14,
   "moveturn": "W",
   "position": [
    "p",
    4
   ]
  },
  {
   "step": 15,
   "moveturn": "B",
   "position": [
    "s",
    3
   ]
  },
  {
   "step": 16,
   "moveturn": "W",
   "position": [
    "n",
    5
   ]
  },
  {
   "step": 17,
   "moveturn": "B",
   "position": [
    "r",
    11
   ]
  },
  {
   "step": 18,
   "moveturn": "W",
   "position": [
    "r",
    9
   ]
  },
  {
   "step": 19,
   "moveturn": "B",
   "position": [
    "r",
    14
   ]
  },
  {
   "step": 20,
   "moveturn": "W",
   "position": [
    "r",
    15
   ]
  },
  {
   "step": 21,
   "moveturn": "B",
   "position": [
    "q",
    14
   ]
  },
  {
   "step": 22,
   "moveturn": "W",
   "position": [
    "o",
    16
   ]
  },
  {
   "step": 23,
   "moveturn": "B",
   "position": [
    "q",
    9
   ]
  },
  {
   "step": 24,
   "moveturn": "W",
   "position": [
    "q",
    8
   ]
  },
  {
   "step": 25,
   "moveturn": "B",
   "position": [
    "q",
    10
   ]
  },
  {
   "step": 26,
   "moveturn": "W",
   "position": [
    "d",
    15
   ]
  },
  {
   "step": 27,
   "moveturn": "B",
   "position": [
    "c",
    13
   ]
  },
  {
   "step": 28,
   "moveturn": "W",
   "position": [
    "c",
    17
   ]
  },
  {
   "step": 29,
   "moveturn": "B",
   "position": [
    "g",
    17
   ]
  },
  {
   "step": 30,
   "moveturn": "W",
   "position": [
    "d",
    16
   ]
  },
  {
   "step": 31,
   "moveturn": "B",
   "position": [
    "d",
    18
   ]
  },
  {
   "step": 32,
   "moveturn": "W",
   "position": [
    "f",
    16
   ]
  },
  {
   "step": 33,
   "moveturn": "B",
   "position": [
    "g",
    16
   ]
  },
  {
   "step": 34,
   "moveturn": "W",
   "position": [
    "g",
    15
   ]
  },
  {
   "step": 35,
   "moveturn": "B",
   "position": [
    "h",
    15
   ]
  }
 ],
 "id": -1,
 "winner": "NONE",
 "name": "1381153210019999810-35",
 "gamename": "1381153210019999810"
}