{
 "movetrace": [
  {
   "step": 1,
   "moveturn": "B",
   "position": [
    "d",
    4
   ]
  },
  {
   "step": 2,
   "moveturn": "W",
   "position": [
    "q",
    16
   ]
  },
  {
   "step": 3,
   "moveturn": "B",
   "position": [
    "q",
    3
   ]
  },
  {
   "step": 4,
   "moveturn": "W",
   "position": [
    "c",
    16
   ]
  },
  {
   "step": 5,
   "moveturn": "B",
   "position": [
    "r",
    14
   ]
  },
  {
   "step": 6,
   "moveturn": "W",
   "position": [
    "o",
    17
   ]
  },
  {
   "step": 7,
   "moveturn": "B",
   "position": [
    "r",
    8
   ]
  },
  {
   "step": 8,
   "moveturn": "W",
   "position": [
    "k",
    3
   ]
  },
  {
   "step": 9,
   "moveturn": "B",
   "position": [
    "f",
    3
   ]
  },
  {
   "step": 10,
   "moveturn": "W",
   "position": [
    "n",
    3
   ]
  },
  {
   "step": 11,
   "moveturn": "B",
   "position": [
    "o",
    4
   ]
  }
 ],
 "id": -1,
 "winner": "NONE",
 "name": "1380977012019999841-11",
 "gamename": "1380977012019999841"
}