{
 "movetrace": [
  {
   "step": 1,
   "moveturn": "B",
   "position": [
    "d",
    4
   ]
  },
  {
   "step": 2,
   "moveturn": "W",
   "position": [
    "q",
    16
   ]
  },
  {
   "step": 3,
   "moveturn": "B",
   "position": [
    "q",
    3
   ]
  },
  {
   "step": 4,
   "moveturn": "W",
   "position": [
    "c",
    16
   ]
  },
  {
   "step": 5,
   "moveturn": "B",
   "position": [
    "r",
    14
   ]
  },
  {
   "step": 6,
   "moveturn": "W",
   "position": [
    "o",
    17
   ]
  },
  {
   "step": 7,
   "moveturn": "B",
   "position": [
    "r",
    8
   ]
  },
  {
   "step": 8,
   "moveturn": "W",
   "position": [
    "k",
    3
   ]
  },
  {
   "step": 9,
   "moveturn": "B",
   "position": [
    "f",
    3
   ]
  },
  {
   "step": 10,
   "moveturn": "W",
   "position": [
    "n",
    3
   ]
  },
  {
   "step": 11,
   "moveturn": "B",
   "position": [
    "o",
    4
   ]
  },
  {
   "step": 12,
   "moveturn": "W",
   "position": [
    "o",
    3
   ]
  },
  {
   "step": 13,
   "moveturn": "B",
   "position": [
    "p",
    3
   ]
  },
  {
   "step": 14,
   "moveturn": "W",
   "position": [
    "p",
    5
   ]
  },
  {
   "step": 15,
   "moveturn": "B",
   "position": [
    "p",
    4
   ]
  },
  {
   "step": 16,
   "moveturn": "W",
   "position": [
    "p",
    8
   ]
  },
  {
   "step": 17,
   "moveturn": "B",
   "position": [
    "r",
    6
   ]
  },
  {
   "step": 18,
   "moveturn": "W",
   "position": [
    "q",
    13
   ]
  },
  {
   "step": 19,
   "moveturn": "B",
   "position": [
    "q",
    14
   ]
  },
  {
   "step": 20,
   "moveturn": "W",
   "position": [
    "p",
    14
   ]
  },
  {
   "step": 21,
   "moveturn": "B",
   "position": [
    "p",
    13
   ]
  },
  {
   "step": 22,
   "moveturn": "W",
   "position": [
    "q",
    12
   ]
  }
 ],
 "id": -1,
 "winner": "NONE",
 "name": "1380977012019999841-22",
 "gamename": "1380977012019999841"
}