{
 "movetrace": [
  {
   "step": 1,
   "moveturn": "B",
   "position": [
    "d",
    3
   ]
  },
  {
   "step": 2,
   "moveturn": "W",
   "position": [
    "d",
    16
   ]
  },
  {
   "step": 3,
   "moveturn": "B",
   "position": [
    "r",
    4
   ]
  },
  {
   "step": 4,
   "moveturn": "W",
   "position": [
    "c",
    5
   ]
  },
  {
   "step": 5,
   "moveturn": "B",
   "position": [
    "q",
    17
   ]
  },
  {
   "step": 6,
   "moveturn": "W",
   "position": [
    "p",
    4
   ]
  },
  {
   "step": 7,
   "moveturn": "B",
   "position": [
    "e",
    4
   ]
  },
  {
   "step": 8,
   "moveturn": "W",
   "position": [
    "r",
    3
   ]
  },
  {
   "step": 9,
   "moveturn": "B",
   "position": [
    "l",
    3
   ]
  },
  {
   "step": 10,
   "moveturn": "W",
   "position": [
    "s",
    4
   ]
  },
  {
   "step": 11,
   "moveturn": "B",
   "position": [
    "r",
    5
   ]
  },
  {
   "step": 12,
   "moveturn": "W",
   "position": [
    "s",
    5
   ]
  },
  {
   "step": 13,
   "moveturn": "B",
   "position": [
    "q",
    3
   ]
  },
  {
   "step": 14,
   "moveturn": "W",
   "position": [
    "r",
    6
   ]
  },
  {
   "step": 15,
   "moveturn": "B",
   "position": [
    "r",
    2
   ]
  },
  {
   "step": 16,
   "moveturn": "W",
   "position": [
    "s",
    3
   ]
  },
  {
   "step": 17,
   "moveturn": "B",
   "position": [
    "q",
    4
   ]
  },
  {
   "step": 18,
   "moveturn": "W",
   "position": [
    "q",
    6
   ]
  },
  {
   "step": 19,
   "moveturn": "B",
   "position": [
    "o",
    3
   ]
  },
  {
   "step": 20,
   "moveturn": "W",
   "position": [
    "r",
    15
   ]
  },
  {
   "step": 21,
   "moveturn": "B",
   "position": [
    "p",
    16
   ]
  },
  {
   "step": 22,
   "moveturn": "W",
   "position": [
    "q",
    12
   ]
  },
  {
   "step": 23,
   "moveturn": "B",
   "position": [
    "c",
    9
   ]
  },
  {
   "step": 24,
   "moveturn": "W",
   "position": [
    "c",
    14
   ]
  },
  {
   "step": 25,
   "moveturn": "B",
   "position": [
    "j",
    17
   ]
  },
  {
   "step": 26,
   "moveturn": "W",
   "position": [
    "b",
    3
   ]
  },
  {
   "step": 27,
   "moveturn": "B",
   "position": [
    "f",
    17
   ]
  },
  {
   "step": 28,
   "moveturn": "W",
   "position": [
    "c",
    7
   ]
  },
  {
   "step": 29,
   "moveturn": "B",
   "position": [
    "d",
    18
   ]
  },
  {
   "step": 30,
   "moveturn": "W",
   "position": [
    "f",
    16
   ]
  }
 ],
 "id": -1,
 "winner": "NONE",
 "name": "1381410950019999093-30",
 "gamename": "1381410950019999093"
}