{
 "movetrace": [
  {
   "step": 1,
   "moveturn": "B",
   "position": [
    "d",
    3
   ]
  },
  {
   "step": 2,
   "moveturn": "W",
   "position": [
    "q",
    16
   ]
  },
  {
   "step": 3,
   "moveturn": "B",
   "position": [
    "c",
    16
   ]
  },
  {
   "step": 4,
   "moveturn": "W",
   "position": [
    "q",
    4
   ]
  },
  {
   "step": 5,
   "moveturn": "B",
   "position": [
    "o",
    17
   ]
  },
  {
   "step": 6,
   "moveturn": "W",
   "position": [
    "r",
    14
   ]
  },
  {
   "step": 7,
   "moveturn": "B",
   "position": [
    "f",
    17
   ]
  },
  {
   "step": 8,
   "moveturn": "W",
   "position": [
    "d",
    5
   ]
  },
  {
   "step": 9,
   "moveturn": "B",
   "position": [
    "d",
    8
   ]
  },
  {
   "step": 10,
   "moveturn": "W",
   "position": [
    "g",
    4
   ]
  },
  {
   "step": 11,
   "moveturn": "B",
   "position": [
    "e",
    5
   ]
  },
  {
   "step": 12,
   "moveturn": "W",
   "position": [
    "e",
    6
   ]
  },
  {
   "step": 13,
   "moveturn": "B",
   "position": [
    "f",
    5
   ]
  },
  {
   "step": 14,
   "moveturn": "W",
   "position": [
    "d",
    4
   ]
  },
  {
   "step": 15,
   "moveturn": "B",
   "position": [
    "f",
    3
   ]
  },
  {
   "step": 16,
   "moveturn": "W",
   "position": [
    "c",
    3
   ]
  },
  {
   "step": 17,
   "moveturn": "B",
   "position": [
    "e",
    3
   ]
  },
  {
   "step": 18,
   "moveturn": "W",
   "position": [
    "f",
    6
   ]
  },
  {
   "step": 19,
   "moveturn": "B",
   "position": [
    "g",
    5
   ]
  },
  {
   "step": 20,
   "moveturn": "W",
   "position": [
    "c",
    2
   ]
  },
  {
   "step": 21,
   "moveturn": "B",
   "position": [
    "d",
    6
   ]
  },
  {
   "step": 22,
   "moveturn": "W",
   "position": [
    "d",
    7
   ]
  },
  {
   "step": 23,
   "moveturn": "B",
   "position": [
    "c",
    6
   ]
  },
  {
   "step": 24,
   "moveturn": "W",
   "position": [
    "c",
    7
   ]
  },
  {
   "step": 25,
   "moveturn": "B",
   "position": [
    "b",
    5
   ]
  },
  {
   "step": 26,
   "moveturn": "W",
   "position": [
    "c",
    5
   ]
  },
  {
   "step": 27,
   "moveturn": "B",
   "position": [
    "b",
    6
   ]
  },
  {
   "step": 28,
   "moveturn": "W",
   "position": [
    "b",
    7
   ]
  },
  {
   "step": 29,
   "moveturn": "B",
   "position": [
    "b",
    4
   ]
  },
  {
   "step": 30,
   "moveturn": "W",
   "position": [
    "c",
    4
   ]
  },
  {
   "step": 31,
   "moveturn": "B",
   "position": [
    "b",
    3
   ]
  },
  {
   "step": 32,
   "moveturn": "W",
   "position": [
    "b",
    2
   ]
  },
  {
   "step": 33,
   "moveturn": "B",
   "position": [
    "e",
    7
   ]
  },
  {
   "step": 34,
   "moveturn": "W",
   "position": [
    "b",
    9
   ]
  },
  {
   "step": 35,
   "moveturn": "B",
   "position": [
    "c",
    9
   ]
  },
  {
   "step": 36,
   "moveturn": "W",
   "position": [
    "b",
    8
   ]
  },
  {
   "step": 37,
   "moveturn": "B",
   "position": [
    "a",
    2
   ]
  },
  {
   "step": 38,
   "moveturn": "W",
   "position": [
    "a",
    6
   ]
  },
  {
   "step": 39,
   "moveturn": "B",
   "position": [
    "q",
    15
   ]
  },
  {
   "step": 40,
   "moveturn": "W",
   "position": [
    "e",
    8
   ]
  },
  {
   "step": 41,
   "moveturn": "B",
   "position": [
    "f",
    7
   ]
  },
  {
   "step": 42,
   "moveturn": "W",
   "position": [
    "g",
    6
   ]
  },
  {
   "step": 43,
   "moveturn": "B",
   "position": [
    "r",
    15
   ]
  },
  {
   "step": 44,
   "moveturn": "W",
   "position": [
    "g",
    7
   ]
  },
  {
   "step": 45,
   "moveturn": "B",
   "position": [
    "j",
    4
   ]
  },
  {
   "step": 46,
   "moveturn": "W",
   "position": [
    "r",
    16
   ]
  },
  {
   "step": 47,
   "moveturn": "B",
   "position": [
    "s",
    16
   ]
  },
  {
   "step": 48,
   "moveturn": "W",
   "position": [
    "p",
    15
   ]
  },
  {
   "step": 49,
   "moveturn": "B",
   "position": [
    "q",
    14
   ]
  },
  {
   "step": 50,
   "moveturn": "W",
   "position": [
    "s",
    17
   ]
  },
  {
   "step": 51,
   "moveturn": "B",
   "position": [
    "s",
    15
   ]
  },
  {
   "step": 52,
   "moveturn": "W",
   "position": [
    "p",
    17
   ]
  },
  {
   "step": 53,
   "moveturn": "B",
   "position": [
    "o",
    16
   ]
  },
  {
   "step": 54,
   "moveturn": "W",
   "position": [
    "p",
    16
   ]
  },
  {
   "step": 55,
   "moveturn": "B",
   "position": [
    "s",
    18
   ]
  }
 ],
 "id": -1,
 "winner": "NONE",
 "name": "1377954818019999562-55",
 "gamename": "1377954818019999562"
}