{
 "movetrace": [
  {
   "step": 1,
   "moveturn": "B",
   "position": [
    "d",
    3
   ]
  },
  {
   "step": 2,
   "moveturn": "W",
   "position": [
    "q",
    16
   ]
  },
  {
   "step": 3,
   "moveturn": "B",
   "position": [
    "c",
    16
   ]
  },
  {
   "step": 4,
   "moveturn": "W",
   "position": [
    "q",
    4
   ]
  },
  {
   "step": 5,
   "moveturn": "B",
   "position": [
    "o",
    17
   ]
  },
  {
   "step": 6,
   "moveturn": "W",
   "position": [
    "r",
    14
   ]
  },
  {
   "step": 7,
   "moveturn": "B",
   "position": [
    "f",
    17
   ]
  },
  {
   "step": 8,
   "moveturn": "W",
   "position": [
    "d",
    5
   ]
  },
  {
   "step": 9,
   "moveturn": "B",
   "position": [
    "d",
    8
   ]
  },
  {
   "step": 10,
   "moveturn": "W",
   "position": [
    "g",
    4
   ]
  },
  {
   "step": 11,
   "moveturn": "B",
   "position": [
    "e",
    5
   ]
  },
  {
   "step": 12,
   "moveturn": "W",
   "position": [
    "e",
    6
   ]
  },
  {
   "step": 13,
   "moveturn": "B",
   "position": [
    "f",
    5
   ]
  },
  {
   "step": 14,
   "moveturn": "W",
   "position": [
    "d",
    4
   ]
  }
 ],
 "id": -1,
 "winner": "NONE",
 "name": "1377954818019999562-14",
 "gamename": "1377954818019999562"
}