{
 "movetrace": [
  {
   "step": 1,
   "moveturn": "B",
   "position": [
    "d",
    3
   ]
  },
  {
   "step": 2,
   "moveturn": "W",
   "position": [
    "q",
    16
   ]
  },
  {
   "step": 3,
   "moveturn": "B",
   "position": [
    "c",
    16
   ]
  },
  {
   "step": 4,
   "moveturn": "W",
   "position": [
    "q",
    4
   ]
  },
  {
   "step": 5,
   "moveturn": "B",
   "position": [
    "o",
    17
   ]
  },
  {
   "step": 6,
   "moveturn": "W",
   "position": [
    "r",
    14
   ]
  }
 ],
 "id": -1,
 "winner": "NONE",
 "name": "1377954818019999562-6",
 "gamename": "1377954818019999562"
}