{
 "movetrace": [
  {
   "step": 1,
   "moveturn": "B",
   "position": [
    "d",
    4
   ]
  },
  {
   "step": 2,
   "moveturn": "W",
   "position": [
    "q",
    16
   ]
  },
  {
   "step": 3,
   "moveturn": "B",
   "position": [
    "q",
    3
   ]
  },
  {
   "step": 4,
   "moveturn": "W",
   "position": [
    "r",
    5
   ]
  },
  {
   "step": 5,
   "moveturn": "B",
   "position": [
    "q",
    8
   ]
  },
  {
   "step": 6,
   "moveturn": "W",
   "position": [
    "k",
    3
   ]
  },
  {
   "step": 7,
   "moveturn": "B",
   "position": [
    "r",
    4
   ]
  },
  {
   "step": 8,
   "moveturn": "W",
   "position": [
    "g",
    3
   ]
  },
  {
   "step": 9,
   "moveturn": "B",
   "position": [
    "c",
    6
   ]
  },
  {
   "step": 10,
   "moveturn": "W",
   "position": [
    "d",
    16
   ]
  }
 ],
 "id": -1,
 "winner": "NONE",
 "name": "1378473498019999334-10",
 "gamename": "1378473498019999334"
}