{
 "movetrace": [
  {
   "step": 1,
   "moveturn": "B",
   "position": [
    "d",
    4
   ]
  },
  {
   "step": 2,
   "moveturn": "W",
   "position": [
    "q",
    16
   ]
  },
  {
   "step": 3,
   "moveturn": "B",
   "position": [
    "q",
    3
   ]
  },
  {
   "step": 4,
   "moveturn": "W",
   "position": [
    "r",
    5
   ]
  },
  {
   "step": 5,
   "moveturn": "B",
   "position": [
    "q",
    8
   ]
  },
  {
   "step": 6,
   "moveturn": "W",
   "position": [
    "k",
    3
   ]
  },
  {
   "step": 7,
   "moveturn": "B",
   "position": [
    "r",
    4
   ]
  },
  {
   "step": 8,
   "moveturn": "W",
   "position": [
    "g",
    3
   ]
  },
  {
   "step": 9,
   "moveturn": "B",
   "position": [
    "c",
    6
   ]
  },
  {
   "step": 10,
   "moveturn": "W",
   "position": [
    "d",
    16
   ]
  },
  {
   "step": 11,
   "moveturn": "B",
   "position": [
    "q",
    5
   ]
  },
  {
   "step": 12,
   "moveturn": "W",
   "position": [
    "r",
    14
   ]
  },
  {
   "step": 13,
   "moveturn": "B",
   "position": [
    "f",
    17
   ]
  },
  {
   "step": 14,
   "moveturn": "W",
   "position": [
    "h",
    17
   ]
  },
  {
   "step": 15,
   "moveturn": "B",
   "position": [
    "c",
    14
   ]
  },
  {
   "step": 16,
   "moveturn": "W",
   "position": [
    "f",
    16
   ]
  },
  {
   "step": 17,
   "moveturn": "B",
   "position": [
    "c",
    17
   ]
  },
  {
   "step": 18,
   "moveturn": "W",
   "position": [
    "d",
    17
   ]
  },
  {
   "step": 19,
   "moveturn": "B",
   "position": [
    "c",
    16
   ]
  },
  {
   "step": 20,
   "moveturn": "W",
   "position": [
    "d",
    15
   ]
  },
  {
   "step": 21,
   "moveturn": "B",
   "position": [
    "c",
    18
   ]
  },
  {
   "step": 22,
   "moveturn": "W",
   "position": [
    "p",
    17
   ]
  },
  {
   "step": 23,
   "moveturn": "B",
   "position": [
    "d",
    18
   ]
  },
  {
   "step": 24,
   "moveturn": "W",
   "position": [
    "f",
    18
   ]
  },
  {
   "step": 25,
   "moveturn": "B",
   "position": [
    "e",
    17
   ]
  },
  {
   "step": 26,
   "moveturn": "W",
   "position": [
    "e",
    18
   ]
  },
  {
   "step": 27,
   "moveturn": "B",
   "position": [
    "g",
    17
   ]
  },
  {
   "step": 28,
   "moveturn": "W",
   "position": [
    "g",
    16
   ]
  },
  {
   "step": 29,
   "moveturn": "B",
   "position": [
    "g",
    18
   ]
  },
  {
   "step": 30,
   "moveturn": "W",
   "position": [
    "h",
    18
   ]
  },
  {
   "step": 31,
   "moveturn": "B",
   "position": [
    "e",
    19
   ]
  },
  {
   "step": 32,
   "moveturn": "W",
   "position": [
    "j",
    15
   ]
  },
  {
   "step": 33,
   "moveturn": "B",
   "position": [
    "m",
    3
   ]
  },
  {
   "step": 34,
   "moveturn": "W",
   "position": [
    "d",
    2
   ]
  },
  {
   "step": 35,
   "moveturn": "B",
   "position": [
    "r",
    12
   ]
  },
  {
   "step": 36,
   "moveturn": "W",
   "position": [
    "q",
    12
   ]
  },
  {
   "step": 37,
   "moveturn": "B",
   "position": [
    "q",
    11
   ]
  },
  {
   "step": 38,
   "moveturn": "W",
   "position": [
    "p",
    12
   ]
  },
  {
   "step": 39,
   "moveturn": "B",
   "position": [
    "r",
    13
   ]
  },
  {
   "step": 40,
   "moveturn": "W",
   "position": [
    "q",
    14
   ]
  },
  {
   "step": 41,
   "moveturn": "B",
   "position": [
    "k",
    12
   ]
  },
  {
   "step": 42,
   "moveturn": "W",
   "position": [
    "r",
    11
   ]
  },
  {
   "step": 43,
   "moveturn": "B",
   "position": [
    "r",
    10
   ]
  },
  {
   "step": 44,
   "moveturn": "W",
   "position": [
    "s",
    11
   ]
  },
  {
   "step": 45,
   "moveturn": "B",
   "position": [
    "s",
    10
   ]
  },
  {
   "step": 46,
   "moveturn": "W",
   "position": [
    "k",
    10
   ]
  },
  {
   "step": 47,
   "moveturn": "B",
   "position": [
    "h",
    12
   ]
  },
  {
   "step": 48,
   "moveturn": "W",
   "position": [
    "j",
    13
   ]
  },
  {
   "step": 49,
   "moveturn": "B",
   "position": [
    "j",
    12
   ]
  },
  {
   "step": 50,
   "moveturn": "W",
   "position": [
    "l",
    13
   ]
  },
  {
   "step": 51,
   "moveturn": "B",
   "position": [
    "l",
    12
   ]
  },
  {
   "step": 52,
   "moveturn": "W",
   "position": [
    "m",
    12
   ]
  },
  {
   "step": 53,
   "moveturn": "B",
   "position": [
    "k",
    13
   ]
  },
  {
   "step": 54,
   "moveturn": "W",
   "position": [
    "k",
    14
   ]
  },
  {
   "step": 55,
   "moveturn": "B",
   "position": [
    "m",
    11
   ]
  },
  {
   "step": 56,
   "moveturn": "W",
   "position": [
    "m",
    13
   ]
  },
  {
   "step": 57,
   "moveturn": "B",
   "position": [
    "l",
    10
   ]
  },
  {
   "step": 58,
   "moveturn": "W",
   "position": [
    "n",
    11
   ]
  },
  {
   "step": 59,
   "moveturn": "B",
   "position": [
    "s",
    12
   ]
  },
  {
   "step": 60,
   "moveturn": "W",
   "position": [
    "m",
    10
   ]
  },
  {
   "step": 61,
   "moveturn": "B",
   "position": [
    "l",
    11
   ]
  },
  {
   "step": 62,
   "moveturn": "W",
   "position": [
    "l",
    9
   ]
  },
  {
   "step": 63,
   "moveturn": "B",
   "position": [
    "k",
    9
   ]
  },
  {
   "step": 64,
   "moveturn": "W",
   "position": [
    "m",
    9
   ]
  },
  {
   "step": 65,
   "moveturn": "B",
   "position": [
    "j",
    9
   ]
  },
  {
   "step": 66,
   "moveturn": "W",
   "position": [
    "p",
    11
   ]
  },
  {
   "step": 67,
   "moveturn": "B",
   "position": [
    "q",
    10
   ]
  },
  {
   "step": 68,
   "moveturn": "W",
   "position": [
    "e",
    13
   ]
  },
  {
   "step": 69,
   "moveturn": "B",
   "position": [
    "c",
    3
   ]
  },
  {
   "step": 70,
   "moveturn": "W",
   "position": [
    "c",
    2
   ]
  },
  {
   "step": 71,
   "moveturn": "B",
   "position": [
    "s",
    14
   ]
  },
  {
   "step": 72,
   "moveturn": "W",
   "position": [
    "s",
    15
   ]
  },
  {
   "step": 73,
   "moveturn": "B",
   "position": [
    "h",
    19
   ]
  },
  {
   "step": 74,
   "moveturn": "W",
   "position": [
    "j",
    18
   ]
  },
  {
   "step": 75,
   "moveturn": "B",
   "position": [
    "d",
    10
   ]
  },
  {
   "step": 76,
   "moveturn": "W",
   "position": [
    "c",
    13
   ]
  },
  {
   "step": 77,
   "moveturn": "B",
   "position": [
    "j",
    4
   ]
  },
  {
   "step": 78,
   "moveturn": "W",
   "position": [
    "h",
    3
   ]
  },
  {
   "step": 79,
   "moveturn": "B",
   "position": [
    "k",
    4
   ]
  },
  {
   "step": 80,
   "moveturn": "W",
   "position": [
    "j",
    3
   ]
  },
  {
   "step": 81,
   "moveturn": "B",
   "position": [
    "l",
    3
   ]
  },
  {
   "step": 82,
   "moveturn": "W",
   "position": [
    "o",
    8
   ]
  },
  {
   "step": 83,
   "moveturn": "B",
   "position": [
    "g",
    5
   ]
  },
  {
   "step": 84,
   "moveturn": "W",
   "position": [
    "b",
    10
   ]
  },
  {
   "step": 85,
   "moveturn": "B",
   "position": [
    "e",
    11
   ]
  },
  {
   "step": 86,
   "moveturn": "W",
   "position": [
    "c",
    9
   ]
  },
  {
   "step": 87,
   "moveturn": "B",
   "position": [
    "d",
    8
   ]
  },
  {
   "step": 88,
   "moveturn": "W",
   "position": [
    "h",
    5
   ]
  },
  {
   "step": 89,
   "moveturn": "B",
   "position": [
    "c",
    12
   ]
  },
  {
   "step": 90,
   "moveturn": "W",
   "position": [
    "d",
    9
   ]
  },
  {
   "step": 91,
   "moveturn": "B",
   "position": [
    "e",
    9
   ]
  },
  {
   "step": 92,
   "moveturn": "W",
   "position": [
    "b",
    12
   ]
  },
  {
   "step": 93,
   "moveturn": "B",
   "position": [
    "b",
    13
   ]
  },
  {
   "step": 94,
   "moveturn": "W",
   "position": [
    "d",
    13
   ]
  },
  {
   "step": 95,
   "moveturn": "B",
   "position": [
    "b",
    11
   ]
  },
  {
   "step": 96,
   "moveturn": "W",
   "position": [
    "c",
    11
   ]
  },
  {
   "step": 97,
   "moveturn": "B",
   "position": [
    "a",
    12
   ]
  },
  {
   "step": 98,
   "moveturn": "W",
   "position": [
    "d",
    12
   ]
  },
  {
   "step": 99,
   "moveturn": "B",
   "position": [
    "c",
    10
   ]
  },
  {
   "step": 100,
   "moveturn": "W",
   "position": [
    "b",
    12
   ]
  },
  {
   "step": 101,
   "moveturn": "B",
   "position": [
    "b",
    9
   ]
  },
  {
   "step": 102,
   "moveturn": "W",
   "position": [
    "a",
    11
   ]
  },
  {
   "step": 103,
   "moveturn": "B",
   "position": [
    "h",
    4
   ]
  },
  {
   "step": 104,
   "moveturn": "W",
   "position": [
    "g",
    4
   ]
  },
  {
   "step": 105,
   "moveturn": "B",
   "position": [
    "f",
    5
   ]
  },
  {
   "step": 106,
   "moveturn": "W",
   "position": [
    "k",
    7
   ]
  },
  {
   "step": 107,
   "moveturn": "B",
   "position": [
    "l",
    5
   ]
  },
  {
   "step": 108,
   "moveturn": "W",
   "position": [
    "k",
    8
   ]
  },
  {
   "step": 109,
   "moveturn": "B",
   "position": [
    "h",
    7
   ]
  },
  {
   "step": 110,
   "moveturn": "W",
   "position": [
    "h",
    8
   ]
  },
  {
   "step": 111,
   "moveturn": "B",
   "position": [
    "j",
    8
   ]
  },
  {
   "step": 112,
   "moveturn": "W",
   "position": [
    "j",
    7
   ]
  },
  {
   "step": 113,
   "moveturn": "B",
   "position": [
    "h",
    9
   ]
  },
  {
   "step": 114,
   "moveturn": "W",
   "position": [
    "o",
    5
   ]
  },
  {
   "step": 115,
   "moveturn": "B",
   "position": [
    "p",
    6
   ]
  },
  {
   "step": 116,
   "moveturn": "W",
   "position": [
    "o",
    6
   ]
  },
  {
   "step": 117,
   "moveturn": "B",
   "position": [
    "p",
    4
   ]
  },
  {
   "step": 118,
   "moveturn": "W",
   "position": [
    "b",
    3
   ]
  },
  {
   "step": 119,
   "moveturn": "B",
   "position": [
    "b",
    4
   ]
  },
  {
   "step": 120,
   "moveturn": "W",
   "position": [
    "d",
    3
   ]
  },
  {
   "step": 121,
   "moveturn": "B",
   "position": [
    "c",
    4
   ]
  },
  {
   "step": 122,
   "moveturn": "W",
   "position": [
    "b",
    15
   ]
  },
  {
   "step": 123,
   "moveturn": "B",
   "position": [
    "c",
    15
   ]
  },
  {
   "step": 124,
   "moveturn": "W",
   "position": [
    "b",
    14
   ]
  },
  {
   "step": 125,
   "moveturn": "B",
   "position": [
    "o",
    9
   ]
  },
  {
   "step": 126,
   "moveturn": "W",
   "position": [
    "p",
    7
   ]
  },
  {
   "step": 127,
   "moveturn": "B",
   "position": [
    "q",
    7
   ]
  },
  {
   "step": 128,
   "moveturn": "W",
   "position": [
    "m",
    6
   ]
  },
  {
   "step": 129,
   "moveturn": "B",
   "position": [
    "t",
    15
   ]
  },
  {
   "step": 130,
   "moveturn": "W",
   "position": [
    "t",
    16
   ]
  },
  {
   "step": 131,
   "moveturn": "B",
   "position": [
    "t",
    14
   ]
  },
  {
   "step": 132,
   "moveturn": "W",
   "position": [
    "s",
    16
   ]
  },
  {
   "step": 133,
   "moveturn": "B",
   "position": [
    "p",
    8
   ]
  },
  {
   "step": 134,
   "moveturn": "W",
   "position": [
    "o",
    7
   ]
  },
  {
   "step": 135,
   "moveturn": "B",
   "position": [
    "b",
    2
   ]
  }
 ],
 "id": -1,
 "winner": "NONE",
 "name": "1378473498019999334-135",
 "gamename": "1378473498019999334"
}