{
 "movetrace": [
  {
   "step": 1,
   "moveturn": "B",
   "position": [
    "d",
    4
   ]
  },
  {
   "step": 2,
   "moveturn": "W",
   "position": [
    "q",
    4
   ]
  },
  {
   "step": 3,
   "moveturn": "B",
   "position": [
    "c",
    16
   ]
  },
  {
   "step": 4,
   "moveturn": "W",
   "position": [
    "q",
    17
   ]
  },
  {
   "step": 5,
   "moveturn": "B",
   "position": [
    "e",
    17
   ]
  },
  {
   "step": 6,
   "moveturn": "W",
   "position": [
    "r",
    11
   ]
  },
  {
   "step": 7,
   "moveturn": "B",
   "position": [
    "f",
    3
   ]
  },
  {
   "step": 8,
   "moveturn": "W",
   "position": [
    "c",
    10
   ]
  }
 ],
 "id": -1,
 "winner": "NONE",
 "name": "1380805984019999709-8",
 "gamename": "1380805984019999709"
}