{
 "movetrace": [
  {
   "step": 1,
   "moveturn": "B",
   "position": [
    "d",
    4
   ]
  },
  {
   "step": 2,
   "moveturn": "W",
   "position": [
    "q",
    4
   ]
  },
  {
   "step": 3,
   "moveturn": "B",
   "position": [
    "c",
    16
   ]
  },
  {
   "step": 4,
   "moveturn": "W",
   "position": [
    "q",
    17
   ]
  },
  {
   "step": 5,
   "moveturn": "B",
   "position": [
    "e",
    17
   ]
  },
  {
   "step": 6,
   "moveturn": "W",
   "position": [
    "r",
    11
   ]
  },
  {
   "step": 7,
   "moveturn": "B",
   "position": [
    "f",
    3
   ]
  },
  {
   "step": 8,
   "moveturn": "W",
   "position": [
    "c",
    10
   ]
  },
  {
   "step": 9,
   "moveturn": "B",
   "position": [
    "c",
    8
   ]
  },
  {
   "step": 10,
   "moveturn": "W",
   "position": [
    "c",
    15
   ]
  },
  {
   "step": 11,
   "moveturn": "B",
   "position": [
    "c",
    13
   ]
  },
  {
   "step": 12,
   "moveturn": "W",
   "position": [
    "o",
    3
   ]
  },
  {
   "step": 13,
   "moveturn": "B",
   "position": [
    "d",
    15
   ]
  },
  {
   "step": 14,
   "moveturn": "W",
   "position": [
    "k",
    17
   ]
  },
  {
   "step": 15,
   "moveturn": "B",
   "position": [
    "q",
    15
   ]
  },
  {
   "step": 16,
   "moveturn": "W",
   "position": [
    "o",
    16
   ]
  },
  {
   "step": 17,
   "moveturn": "B",
   "position": [
    "r",
    17
   ]
  },
  {
   "step": 18,
   "moveturn": "W",
   "position": [
    "r",
    18
   ]
  },
  {
   "step": 19,
   "moveturn": "B",
   "position": [
    "o",
    15
   ]
  },
  {
   "step": 20,
   "moveturn": "W",
   "position": [
    "n",
    15
   ]
  },
  {
   "step": 21,
   "moveturn": "B",
   "position": [
    "r",
    16
   ]
  },
  {
   "step": 22,
   "moveturn": "W",
   "position": [
    "o",
    14
   ]
  },
  {
   "step": 23,
   "moveturn": "B",
   "position": [
    "p",
    15
   ]
  },
  {
   "step": 24,
   "moveturn": "W",
   "position": [
    "n",
    16
   ]
  },
  {
   "step": 25,
   "moveturn": "B",
   "position": [
    "s",
    18
   ]
  },
  {
   "step": 26,
   "moveturn": "W",
   "position": [
    "q",
    18
   ]
  },
  {
   "step": 27,
   "moveturn": "B",
   "position": [
    "r",
    13
   ]
  },
  {
   "step": 28,
   "moveturn": "W",
   "position": [
    "k",
    4
   ]
  },
  {
   "step": 29,
   "moveturn": "B",
   "position": [
    "s",
    5
   ]
  },
  {
   "step": 30,
   "moveturn": "W",
   "position": [
    "r",
    5
   ]
  },
  {
   "step": 31,
   "moveturn": "B",
   "position": [
    "s",
    4
   ]
  },
  {
   "step": 32,
   "moveturn": "W",
   "position": [
    "s",
    6
   ]
  },
  {
   "step": 33,
   "moveturn": "B",
   "position": [
    "q",
    3
   ]
  },
  {
   "step": 34,
   "moveturn": "W",
   "position": [
    "r",
    6
   ]
  },
  {
   "step": 35,
   "moveturn": "B",
   "position": [
    "p",
    3
   ]
  },
  {
   "step": 36,
   "moveturn": "W",
   "position": [
    "p",
    4
   ]
  },
  {
   "step": 37,
   "moveturn": "B",
   "position": [
    "o",
    2
   ]
  },
  {
   "step": 38,
   "moveturn": "W",
   "position": [
    "r",
    3
   ]
  },
  {
   "step": 39,
   "moveturn": "B",
   "position": [
    "r",
    2
   ]
  },
  {
   "step": 40,
   "moveturn": "W",
   "position": [
    "s",
    2
   ]
  },
  {
   "step": 41,
   "moveturn": "B",
   "position": [
    "n",
    3
   ]
  },
  {
   "step": 42,
   "moveturn": "W",
   "position": [
    "o",
    4
   ]
  },
  {
   "step": 43,
   "moveturn": "B",
   "position": [
    "q",
    2
   ]
  },
  {
   "step": 44,
   "moveturn": "W",
   "position": [
    "s",
    3
   ]
  },
  {
   "step": 45,
   "moveturn": "B",
   "position": [
    "n",
    4
   ]
  },
  {
   "step": 46,
   "moveturn": "W",
   "position": [
    "n",
    5
   ]
  },
  {
   "step": 47,
   "moveturn": "B",
   "position": [
    "m",
    5
   ]
  },
  {
   "step": 48,
   "moveturn": "W",
   "position": [
    "m",
    4
   ]
  },
  {
   "step": 49,
   "moveturn": "B",
   "position": [
    "m",
    3
   ]
  },
  {
   "step": 50,
   "moveturn": "W",
   "position": [
    "l",
    4
   ]
  },
  {
   "step": 51,
   "moveturn": "B",
   "position": [
    "n",
    6
   ]
  },
  {
   "step": 52,
   "moveturn": "W",
   "position": [
    "o",
    5
   ]
  },
  {
   "step": 53,
   "moveturn": "B",
   "position": [
    "l",
    2
   ]
  },
  {
   "step": 54,
   "moveturn": "W",
   "position": [
    "m",
    6
   ]
  },
  {
   "step": 55,
   "moveturn": "B",
   "position": [
    "q",
    11
   ]
  },
  {
   "step": 56,
   "moveturn": "W",
   "position": [
    "q",
    10
   ]
  },
  {
   "step": 57,
   "moveturn": "B",
   "position": [
    "q",
    12
   ]
  },
  {
   "step": 58,
   "moveturn": "W",
   "position": [
    "p",
    10
   ]
  },
  {
   "step": 59,
   "moveturn": "B",
   "position": [
    "r",
    10
   ]
  },
  {
   "step": 60,
   "moveturn": "W",
   "position": [
    "r",
    9
   ]
  }
 ],
 "id": -1,
 "winner": "NONE",
 "name": "1380805984019999709-60",
 "gamename": "1380805984019999709"
}