{
 "movetrace": [
  {
   "step": 1,
   "moveturn": "B",
   "position": [
    "d",
    3
   ]
  },
  {
   "step": 2,
   "moveturn": "W",
   "position": [
    "d",
    16
   ]
  },
  {
   "step": 3,
   "moveturn": "B",
   "position": [
    "r",
    4
   ]
  },
  {
   "step": 4,
   "moveturn": "W",
   "position": [
    "r",
    16
   ]
  },
  {
   "step": 5,
   "moveturn": "B",
   "position": [
    "c",
    6
   ]
  },
  {
   "step": 6,
   "moveturn": "W",
   "position": [
    "o",
    3
   ]
  },
  {
   "step": 7,
   "moveturn": "B",
   "position": [
    "q",
    3
   ]
  },
  {
   "step": 8,
   "moveturn": "W",
   "position": [
    "k",
    4
   ]
  },
  {
   "step": 9,
   "moveturn": "B",
   "position": [
    "h",
    3
   ]
  },
  {
   "step": 10,
   "moveturn": "W",
   "position": [
    "q",
    5
   ]
  },
  {
   "step": 11,
   "moveturn": "B",
   "position": [
    "r",
    5
   ]
  },
  {
   "step": 12,
   "moveturn": "W",
   "position": [
    "q",
    7
   ]
  },
  {
   "step": 13,
   "moveturn": "B",
   "position": [
    "p",
    6
   ]
  },
  {
   "step": 14,
   "moveturn": "W",
   "position": [
    "p",
    7
   ]
  },
  {
   "step": 15,
   "moveturn": "B",
   "position": [
    "q",
    6
   ]
  },
  {
   "step": 16,
   "moveturn": "W",
   "position": [
    "o",
    6
   ]
  },
  {
   "step": 17,
   "moveturn": "B",
   "position": [
    "r",
    7
   ]
  },
  {
   "step": 18,
   "moveturn": "W",
   "position": [
    "r",
    8
   ]
  },
  {
   "step": 19,
   "moveturn": "B",
   "position": [
    "o",
    7
   ]
  },
  {
   "step": 20,
   "moveturn": "W",
   "position": [
    "p",
    9
   ]
  },
  {
   "step": 21,
   "moveturn": "B",
   "position": [
    "m",
    4
   ]
  },
  {
   "step": 22,
   "moveturn": "W",
   "position": [
    "o",
    5
   ]
  },
  {
   "step": 23,
   "moveturn": "B",
   "position": [
    "m",
    6
   ]
  }
 ],
 "id": -1,
 "winner": "NONE",
 "name": "1380370624019999863-23",
 "gamename": "1380370624019999863"
}