{
 "movetrace": [
  {
   "step": 1,
   "moveturn": "B",
   "position": [
    "d",
    3
   ]
  },
  {
   "step": 2,
   "moveturn": "W",
   "position": [
    "d",
    16
   ]
  },
  {
   "step": 3,
   "moveturn": "B",
   "position": [
    "r",
    4
   ]
  },
  {
   "step": 4,
   "moveturn": "W",
   "position": [
    "r",
    16
   ]
  },
  {
   "step": 5,
   "moveturn": "B",
   "position": [
    "c",
    6
   ]
  },
  {
   "step": 6,
   "moveturn": "W",
   "position": [
    "o",
    3
   ]
  },
  {
   "step": 7,
   "moveturn": "B",
   "position": [
    "q",
    3
   ]
  },
  {
   "step": 8,
   "moveturn": "W",
   "position": [
    "k",
    4
   ]
  },
  {
   "step": 9,
   "moveturn": "B",
   "position": [
    "h",
    3
   ]
  },
  {
   "step": 10,
   "moveturn": "W",
   "position": [
    "q",
    5
   ]
  },
  {
   "step": 11,
   "moveturn": "B",
   "position": [
    "r",
    5
   ]
  },
  {
   "step": 12,
   "moveturn": "W",
   "position": [
    "q",
    7
   ]
  },
  {
   "step": 13,
   "moveturn": "B",
   "position": [
    "p",
    6
   ]
  },
  {
   "step": 14,
   "moveturn": "W",
   "position": [
    "p",
    7
   ]
  },
  {
   "step": 15,
   "moveturn": "B",
   "position": [
    "q",
    6
   ]
  },
  {
   "step": 16,
   "moveturn": "W",
   "position": [
    "o",
    6
   ]
  },
  {
   "step": 17,
   "moveturn": "B",
   "position": [
    "r",
    7
   ]
  },
  {
   "step": 18,
   "moveturn": "W",
   "position": [
    "r",
    8
   ]
  },
  {
   "step": 19,
   "moveturn": "B",
   "position": [
    "o",
    7
   ]
  },
  {
   "step": 20,
   "moveturn": "W",
   "position": [
    "p",
    9
   ]
  },
  {
   "step": 21,
   "moveturn": "B",
   "position": [
    "m",
    4
   ]
  },
  {
   "step": 22,
   "moveturn": "W",
   "position": [
    "o",
    5
   ]
  },
  {
   "step": 23,
   "moveturn": "B",
   "position": [
    "m",
    6
   ]
  },
  {
   "step": 24,
   "moveturn": "W",
   "position": [
    "n",
    7
   ]
  },
  {
   "step": 25,
   "moveturn": "B",
   "position": [
    "o",
    8
   ]
  },
  {
   "step": 26,
   "moveturn": "W",
   "position": [
    "n",
    9
   ]
  },
  {
   "step": 27,
   "moveturn": "B",
   "position": [
    "n",
    8
   ]
  },
  {
   "step": 28,
   "moveturn": "W",
   "position": [
    "m",
    8
   ]
  },
  {
   "step": 29,
   "moveturn": "B",
   "position": [
    "m",
    7
   ]
  },
  {
   "step": 30,
   "moveturn": "W",
   "position": [
    "o",
    9
   ]
  },
  {
   "step": 31,
   "moveturn": "B",
   "position": [
    "n",
    6
   ]
  },
  {
   "step": 32,
   "moveturn": "W",
   "position": [
    "s",
    7
   ]
  },
  {
   "step": 33,
   "moveturn": "B",
   "position": [
    "r",
    6
   ]
  },
  {
   "step": 34,
   "moveturn": "W",
   "position": [
    "p",
    8
   ]
  },
  {
   "step": 35,
   "moveturn": "B",
   "position": [
    "n",
    7
   ]
  },
  {
   "step": 36,
   "moveturn": "W",
   "position": [
    "m",
    3
   ]
  },
  {
   "step": 37,
   "moveturn": "B",
   "position": [
    "n",
    4
   ]
  },
  {
   "step": 38,
   "moveturn": "W",
   "position": [
    "j",
    3
   ]
  },
  {
   "step": 39,
   "moveturn": "B",
   "position": [
    "l",
    3
   ]
  },
  {
   "step": 40,
   "moveturn": "W",
   "position": [
    "h",
    4
   ]
  },
  {
   "step": 41,
   "moveturn": "B",
   "position": [
    "l",
    2
   ]
  },
  {
   "step": 42,
   "moveturn": "W",
   "position": [
    "g",
    3
   ]
  },
  {
   "step": 43,
   "moveturn": "B",
   "position": [
    "p",
    15
   ]
  }
 ],
 "id": -1,
 "winner": "NONE",
 "name": "1380370624019999863-43",
 "gamename": "1380370624019999863"
}