{
 "movetrace": [
  {
   "step": 1,
   "moveturn": "B",
   "position": [
    "d",
    3
   ]
  },
  {
   "step": 2,
   "moveturn": "W",
   "position": [
    "q",
    16
   ]
  },
  {
   "step": 3,
   "moveturn": "B",
   "position": [
    "r",
    4
   ]
  },
  {
   "step": 4,
   "moveturn": "W",
   "position": [
    "c",
    16
   ]
  },
  {
   "step": 5,
   "moveturn": "B",
   "position": [
    "e",
    16
   ]
  },
  {
   "step": 6,
   "moveturn": "W",
   "position": [
    "e",
    17
   ]
  },
  {
   "step": 7,
   "moveturn": "B",
   "position": [
    "d",
    16
   ]
  },
  {
   "step": 8,
   "moveturn": "W",
   "position": [
    "d",
    17
   ]
  },
  {
   "step": 9,
   "moveturn": "B",
   "position": [
    "c",
    15
   ]
  },
  {
   "step": 10,
   "moveturn": "W",
   "position": [
    "f",
    17
   ]
  },
  {
   "step": 11,
   "moveturn": "B",
   "position": [
    "f",
    16
   ]
  },
  {
   "step": 12,
   "moveturn": "W",
   "position": [
    "g",
    16
   ]
  },
  {
   "step": 13,
   "moveturn": "B",
   "position": [
    "c",
    17
   ]
  },
  {
   "step": 14,
   "moveturn": "W",
   "position": [
    "b",
    16
   ]
  },
  {
   "step": 15,
   "moveturn": "B",
   "position": [
    "c",
    18
   ]
  },
  {
   "step": 16,
   "moveturn": "W",
   "position": [
    "b",
    17
   ]
  },
  {
   "step": 17,
   "moveturn": "B",
   "position": [
    "g",
    17
   ]
  },
  {
   "step": 18,
   "moveturn": "W",
   "position": [
    "h",
    17
   ]
  },
  {
   "step": 19,
   "moveturn": "B",
   "position": [
    "b",
    18
   ]
  },
  {
   "step": 20,
   "moveturn": "W",
   "position": [
    "b",
    15
   ]
  },
  {
   "step": 21,
   "moveturn": "B",
   "position": [
    "g",
    18
   ]
  },
  {
   "step": 22,
   "moveturn": "W",
   "position": [
    "f",
    18
   ]
  },
  {
   "step": 23,
   "moveturn": "B",
   "position": [
    "h",
    18
   ]
  },
  {
   "step": 24,
   "moveturn": "W",
   "position": [
    "d",
    18
   ]
  },
  {
   "step": 25,
   "moveturn": "B",
   "position": [
    "c",
    14
   ]
  },
  {
   "step": 26,
   "moveturn": "W",
   "position": [
    "b",
    14
   ]
  },
  {
   "step": 27,
   "moveturn": "B",
   "position": [
    "j",
    17
   ]
  },
  {
   "step": 28,
   "moveturn": "W",
   "position": [
    "h",
    16
   ]
  },
  {
   "step": 29,
   "moveturn": "B",
   "position": [
    "j",
    16
   ]
  },
  {
   "step": 30,
   "moveturn": "W",
   "position": [
    "f",
    15
   ]
  },
  {
   "step": 31,
   "moveturn": "B",
   "position": [
    "e",
    14
   ]
  }
 ],
 "id": -1,
 "winner": "NONE",
 "name": "1378817797019999354-31",
 "gamename": "1378817797019999354"
}