{
 "movetrace": [
  {
   "step": 1,
   "moveturn": "B",
   "position": [
    "d",
    4
   ]
  },
  {
   "step": 2,
   "moveturn": "W",
   "position": [
    "q",
    16
   ]
  },
  {
   "step": 3,
   "moveturn": "B",
   "position": [
    "q",
    3
   ]
  },
  {
   "step": 4,
   "moveturn": "W",
   "position": [
    "r",
    5
   ]
  },
  {
   "step": 5,
   "moveturn": "B",
   "position": [
    "d",
    17
   ]
  },
  {
   "step": 6,
   "moveturn": "W",
   "position": [
    "f",
    3
   ]
  },
  {
   "step": 7,
   "moveturn": "B",
   "position": [
    "c",
    6
   ]
  },
  {
   "step": 8,
   "moveturn": "W",
   "position": [
    "n",
    3
   ]
  },
  {
   "step": 9,
   "moveturn": "B",
   "position": [
    "p",
    4
   ]
  },
  {
   "step": 10,
   "moveturn": "W",
   "position": [
    "k",
    4
   ]
  },
  {
   "step": 11,
   "moveturn": "B",
   "position": [
    "o",
    17
   ]
  },
  {
   "step": 12,
   "moveturn": "W",
   "position": [
    "q",
    14
   ]
  },
  {
   "step": 13,
   "moveturn": "B",
   "position": [
    "r",
    8
   ]
  },
  {
   "step": 14,
   "moveturn": "W",
   "position": [
    "p",
    5
   ]
  },
  {
   "step": 15,
   "moveturn": "B",
   "position": [
    "o",
    4
   ]
  },
  {
   "step": 16,
   "moveturn": "W",
   "position": [
    "r",
    3
   ]
  },
  {
   "step": 17,
   "moveturn": "B",
   "position": [
    "r",
    2
   ]
  },
  {
   "step": 18,
   "moveturn": "W",
   "position": [
    "s",
    3
   ]
  },
  {
   "step": 19,
   "moveturn": "B",
   "position": [
    "o",
    7
   ]
  },
  {
   "step": 20,
   "moveturn": "W",
   "position": [
    "n",
    6
   ]
  },
  {
   "step": 21,
   "moveturn": "B",
   "position": [
    "n",
    4
   ]
  },
  {
   "step": 22,
   "moveturn": "W",
   "position": [
    "o",
    6
   ]
  },
  {
   "step": 23,
   "moveturn": "B",
   "position": [
    "m",
    3
   ]
  },
  {
   "step": 24,
   "moveturn": "W",
   "position": [
    "r",
    10
   ]
  },
  {
   "step": 25,
   "moveturn": "B",
   "position": [
    "q",
    10
   ]
  },
  {
   "step": 26,
   "moveturn": "W",
   "position": [
    "q",
    11
   ]
  },
  {
   "step": 27,
   "moveturn": "B",
   "position": [
    "p",
    10
   ]
  },
  {
   "step": 28,
   "moveturn": "W",
   "position": [
    "r",
    11
   ]
  },
  {
   "step": 29,
   "moveturn": "B",
   "position": [
    "k",
    16
   ]
  },
  {
   "step": 30,
   "moveturn": "W",
   "position": [
    "l",
    2
   ]
  },
  {
   "step": 31,
   "moveturn": "B",
   "position": [
    "m",
    2
   ]
  },
  {
   "step": 32,
   "moveturn": "W",
   "position": [
    "c",
    15
   ]
  },
  {
   "step": 33,
   "moveturn": "B",
   "position": [
    "c",
    13
   ]
  },
  {
   "step": 34,
   "moveturn": "W",
   "position": [
    "e",
    15
   ]
  },
  {
   "step": 35,
   "moveturn": "B",
   "position": [
    "f",
    16
   ]
  },
  {
   "step": 36,
   "moveturn": "W",
   "position": [
    "d",
    12
   ]
  },
  {
   "step": 37,
   "moveturn": "B",
   "position": [
    "c",
    16
   ]
  },
  {
   "step": 38,
   "moveturn": "W",
   "position": [
    "b",
    15
   ]
  },
  {
   "step": 39,
   "moveturn": "B",
   "position": [
    "c",
    12
   ]
  },
  {
   "step": 40,
   "moveturn": "W",
   "position": [
    "d",
    11
   ]
  },
  {
   "step": 41,
   "moveturn": "B",
   "position": [
    "d",
    13
   ]
  },
  {
   "step": 42,
   "moveturn": "W",
   "position": [
    "e",
    13
   ]
  },
  {
   "step": 43,
   "moveturn": "B",
   "position": [
    "c",
    11
   ]
  },
  {
   "step": 44,
   "moveturn": "W",
   "position": [
    "d",
    10
   ]
  },
  {
   "step": 45,
   "moveturn": "B",
   "position": [
    "d",
    14
   ]
  },
  {
   "step": 46,
   "moveturn": "W",
   "position": [
    "d",
    15
   ]
  },
  {
   "step": 47,
   "moveturn": "B",
   "position": [
    "e",
    14
   ]
  },
  {
   "step": 48,
   "moveturn": "W",
   "position": [
    "f",
    15
   ]
  },
  {
   "step": 49,
   "moveturn": "B",
   "position": [
    "f",
    13
   ]
  },
  {
   "step": 50,
   "moveturn": "W",
   "position": [
    "g",
    16
   ]
  },
  {
   "step": 51,
   "moveturn": "B",
   "position": [
    "g",
    17
   ]
  },
  {
   "step": 52,
   "moveturn": "W",
   "position": [
    "f",
    17
   ]
  },
  {
   "step": 53,
   "moveturn": "B",
   "position": [
    "f",
    18
   ]
  },
  {
   "step": 54,
   "moveturn": "W",
   "position": [
    "e",
    16
   ]
  },
  {
   "step": 55,
   "moveturn": "B",
   "position": [
    "h",
    17
   ]
  },
  {
   "step": 56,
   "moveturn": "W",
   "position": [
    "h",
    14
   ]
  },
  {
   "step": 57,
   "moveturn": "B",
   "position": [
    "h",
    16
   ]
  },
  {
   "step": 58,
   "moveturn": "W",
   "position": [
    "h",
    15
   ]
  },
  {
   "step": 59,
   "moveturn": "B",
   "position": [
    "g",
    12
   ]
  },
  {
   "step": 60,
   "moveturn": "W",
   "position": [
    "k",
    15
   ]
  },
  {
   "step": 61,
   "moveturn": "B",
   "position": [
    "l",
    15
   ]
  },
  {
   "step": 62,
   "moveturn": "W",
   "position": [
    "l",
    14
   ]
  },
  {
   "step": 63,
   "moveturn": "B",
   "position": [
    "k",
    14
   ]
  },
  {
   "step": 64,
   "moveturn": "W",
   "position": [
    "k",
    13
   ]
  },
  {
   "step": 65,
   "moveturn": "B",
   "position": [
    "j",
    15
   ]
  },
  {
   "step": 66,
   "moveturn": "W",
   "position": [
    "j",
    14
   ]
  },
  {
   "step": 67,
   "moveturn": "B",
   "position": [
    "k",
    15
   ]
  },
  {
   "step": 68,
   "moveturn": "W",
   "position": [
    "j",
    12
   ]
  },
  {
   "step": 69,
   "moveturn": "B",
   "position": [
    "g",
    10
   ]
  },
  {
   "step": 70,
   "moveturn": "W",
   "position": [
    "o",
    9
   ]
  },
  {
   "step": 71,
   "moveturn": "B",
   "position": [
    "g",
    5
   ]
  },
  {
   "step": 72,
   "moveturn": "W",
   "position": [
    "d",
    7
   ]
  },
  {
   "step": 73,
   "moveturn": "B",
   "position": [
    "d",
    6
   ]
  },
  {
   "step": 74,
   "moveturn": "W",
   "position": [
    "f",
    7
   ]
  },
  {
   "step": 75,
   "moveturn": "B",
   "position": [
    "f",
    4
   ]
  },
  {
   "step": 76,
   "moveturn": "W",
   "position": [
    "h",
    7
   ]
  },
  {
   "step": 77,
   "moveturn": "B",
   "position": [
    "g",
    8
   ]
  },
  {
   "step": 78,
   "moveturn": "W",
   "position": [
    "f",
    9
   ]
  },
  {
   "step": 79,
   "moveturn": "B",
   "position": [
    "g",
    9
   ]
  },
  {
   "step": 80,
   "moveturn": "W",
   "position": [
    "g",
    7
   ]
  },
  {
   "step": 81,
   "moveturn": "B",
   "position": [
    "g",
    3
   ]
  },
  {
   "step": 82,
   "moveturn": "W",
   "position": [
    "c",
    10
   ]
  },
  {
   "step": 83,
   "moveturn": "B",
   "position": [
    "j",
    9
   ]
  },
  {
   "step": 84,
   "moveturn": "W",
   "position": [
    "k",
    8
   ]
  },
  {
   "step": 85,
   "moveturn": "B",
   "position": [
    "k",
    9
   ]
  },
  {
   "step": 86,
   "moveturn": "W",
   "position": [
    "l",
    9
   ]
  },
  {
   "step": 87,
   "moveturn": "B",
   "position": [
    "l",
    10
   ]
  },
  {
   "step": 88,
   "moveturn": "W",
   "position": [
    "m",
    9
   ]
  },
  {
   "step": 89,
   "moveturn": "B",
   "position": [
    "k",
    11
   ]
  },
  {
   "step": 90,
   "moveturn": "W",
   "position": [
    "n",
    11
   ]
  },
  {
   "step": 91,
   "moveturn": "B",
   "position": [
    "m",
    12
   ]
  },
  {
   "step": 92,
   "moveturn": "W",
   "position": [
    "n",
    12
   ]
  },
  {
   "step": 93,
   "moveturn": "B",
   "position": [
    "j",
    6
   ]
  },
  {
   "step": 94,
   "moveturn": "W",
   "position": [
    "j",
    7
   ]
  },
  {
   "step": 95,
   "moveturn": "B",
   "position": [
    "k",
    6
   ]
  },
  {
   "step": 96,
   "moveturn": "W",
   "position": [
    "e",
    12
   ]
  },
  {
   "step": 97,
   "moveturn": "B",
   "position": [
    "f",
    14
   ]
  },
  {
   "step": 98,
   "moveturn": "W",
   "position": [
    "j",
    11
   ]
  },
  {
   "step": 99,
   "moveturn": "B",
   "position": [
    "f",
    8
   ]
  },
  {
   "step": 100,
   "moveturn": "W",
   "position": [
    "g",
    11
   ]
  },
  {
   "step": 101,
   "moveturn": "B",
   "position": [
    "f",
    11
   ]
  },
  {
   "step": 102,
   "moveturn": "W",
   "position": [
    "h",
    11
   ]
  },
  {
   "step": 103,
   "moveturn": "B",
   "position": [
    "f",
    12
   ]
  },
  {
   "step": 104,
   "moveturn": "W",
   "position": [
    "e",
    8
   ]
  },
  {
   "step": 105,
   "moveturn": "B",
   "position": [
    "e",
    9
   ]
  },
  {
   "step": 106,
   "moveturn": "W",
   "position": [
    "e",
    10
   ]
  },
  {
   "step": 107,
   "moveturn": "B",
   "position": [
    "f",
    10
   ]
  },
  {
   "step": 108,
   "moveturn": "W",
   "position": [
    "c",
    8
   ]
  },
  {
   "step": 109,
   "moveturn": "B",
   "position": [
    "l",
    13
   ]
  },
  {
   "step": 110,
   "moveturn": "W",
   "position": [
    "e",
    17
   ]
  },
  {
   "step": 111,
   "moveturn": "B",
   "position": [
    "e",
    18
   ]
  },
  {
   "step": 112,
   "moveturn": "W",
   "position": [
    "l",
    12
   ]
  },
  {
   "step": 113,
   "moveturn": "B",
   "position": [
    "m",
    13
   ]
  },
  {
   "step": 114,
   "moveturn": "W",
   "position": [
    "l",
    11
   ]
  },
  {
   "step": 115,
   "moveturn": "B",
   "position": [
    "m",
    11
   ]
  },
  {
   "step": 116,
   "moveturn": "W",
   "position": [
    "k",
    12
   ]
  },
  {
   "step": 117,
   "moveturn": "B",
   "position": [
    "m",
    10
   ]
  },
  {
   "step": 118,
   "moveturn": "W",
   "position": [
    "k",
    10
   ]
  },
  {
   "step": 119,
   "moveturn": "B",
   "position": [
    "j",
    10
   ]
  },
  {
   "step": 120,
   "moveturn": "W",
   "position": [
    "c",
    17
   ]
  },
  {
   "step": 121,
   "moveturn": "B",
   "position": [
    "k",
    11
   ]
  },
  {
   "step": 122,
   "moveturn": "W",
   "position": [
    "h",
    4
   ]
  },
  {
   "step": 123,
   "moveturn": "B",
   "position": [
    "g",
    4
   ]
  },
  {
   "step": 124,
   "moveturn": "W",
   "position": [
    "k",
    10
   ]
  },
  {
   "step": 125,
   "moveturn": "B",
   "position": [
    "d",
    9
   ]
  },
  {
   "step": 126,
   "moveturn": "W",
   "position": [
    "c",
    9
   ]
  },
  {
   "step": 127,
   "moveturn": "B",
   "position": [
    "k",
    11
   ]
  },
  {
   "step": 128,
   "moveturn": "W",
   "position": [
    "l",
    5
   ]
  },
  {
   "step": 129,
   "moveturn": "B",
   "position": [
    "l",
    6
   ]
  },
  {
   "step": 130,
   "moveturn": "W",
   "position": [
    "m",
    5
   ]
  },
  {
   "step": 131,
   "moveturn": "B",
   "position": [
    "n",
    10
   ]
  },
  {
   "step": 132,
   "moveturn": "W",
   "position": [
    "k",
    10
   ]
  },
  {
   "step": 133,
   "moveturn": "B",
   "position": [
    "h",
    13
   ]
  },
  {
   "step": 134,
   "moveturn": "W",
   "position": [
    "j",
    13
   ]
  },
  {
   "step": 135,
   "moveturn": "B",
   "position": [
    "k",
    11
   ]
  },
  {
   "step": 136,
   "moveturn": "W",
   "position": [
    "n",
    2
   ]
  },
  {
   "step": 137,
   "moveturn": "B",
   "position": [
    "l",
    3
   ]
  },
  {
   "step": 138,
   "moveturn": "W",
   "position": [
    "k",
    10
   ]
  },
  {
   "step": 139,
   "moveturn": "B",
   "position": [
    "b",
    14
   ]
  },
  {
   "step": 140,
   "moveturn": "W",
   "position": [
    "d",
    18
   ]
  },
  {
   "step": 141,
   "moveturn": "B",
   "position": [
    "n",
    9
   ]
  },
  {
   "step": 142,
   "moveturn": "W",
   "position": [
    "n",
    8
   ]
  },
  {
   "step": 143,
   "moveturn": "B",
   "position": [
    "o",
    8
   ]
  },
  {
   "step": 144,
   "moveturn": "W",
   "position": [
    "n",
    7
   ]
  },
  {
   "step": 145,
   "moveturn": "B",
   "position": [
    "b",
    10
   ]
  },
  {
   "step": 146,
   "moveturn": "W",
   "position": [
    "q",
    8
   ]
  },
  {
   "step": 147,
   "moveturn": "B",
   "position": [
    "e",
    6
   ]
  },
  {
   "step": 148,
   "moveturn": "W",
   "position": [
    "e",
    7
   ]
  },
  {
   "step": 149,
   "moveturn": "B",
   "position": [
    "p",
    9
   ]
  },
  {
   "step": 150,
   "moveturn": "W",
   "position": [
    "k",
    2
   ]
  },
  {
   "step": 151,
   "moveturn": "B",
   "position": [
    "k",
    5
   ]
  },
  {
   "step": 152,
   "moveturn": "W",
   "position": [
    "k",
    3
   ]
  },
  {
   "step": 153,
   "moveturn": "B",
   "position": [
    "h",
    2
   ]
  },
  {
   "step": 154,
   "moveturn": "W",
   "position": [
    "h",
    5
   ]
  },
  {
   "step": 155,
   "moveturn": "B",
   "position": [
    "h",
    6
   ]
  },
  {
   "step": 156,
   "moveturn": "W",
   "position": [
    "h",
    3
   ]
  },
  {
   "step": 157,
   "moveturn": "B",
   "position": [
    "g",
    6
   ]
  },
  {
   "step": 158,
   "moveturn": "W",
   "position": [
    "l",
    8
   ]
  },
  {
   "step": 159,
   "moveturn": "B",
   "position": [
    "m",
    4
   ]
  },
  {
   "step": 160,
   "moveturn": "W",
   "position": [
    "l",
    4
   ]
  },
  {
   "step": 161,
   "moveturn": "B",
   "position": [
    "m",
    1
   ]
  },
  {
   "step": 162,
   "moveturn": "W",
   "position": [
    "f",
    2
   ]
  },
  {
   "step": 163,
   "moveturn": "B",
   "position": [
    "g",
    2
   ]
  },
  {
   "step": 164,
   "moveturn": "W",
   "position": [
    "c",
    3
   ]
  },
  {
   "step": 165,
   "moveturn": "B",
   "position": [
    "b",
    4
   ]
  },
  {
   "step": 166,
   "moveturn": "W",
   "position": [
    "b",
    3
   ]
  },
  {
   "step": 167,
   "moveturn": "B",
   "position": [
    "e",
    2
   ]
  },
  {
   "step": 168,
   "moveturn": "W",
   "position": [
    "p",
    7
   ]
  },
  {
   "step": 169,
   "moveturn": "B",
   "position": [
    "p",
    8
   ]
  },
  {
   "step": 170,
   "moveturn": "W",
   "position": [
    "q",
    7
   ]
  },
  {
   "step": 171,
   "moveturn": "B",
   "position": [
    "r",
    17
   ]
  },
  {
   "step": 172,
   "moveturn": "W",
   "position": [
    "q",
    17
   ]
  },
  {
   "step": 173,
   "moveturn": "B",
   "position": [
    "q",
    18
   ]
  },
  {
   "step": 174,
   "moveturn": "W",
   "position": [
    "r",
    16
   ]
  },
  {
   "step": 175,
   "moveturn": "B",
   "position": [
    "s",
    18
   ]
  },
  {
   "step": 176,
   "moveturn": "W",
   "position": [
    "s",
    17
   ]
  },
  {
   "step": 177,
   "moveturn": "B",
   "position": [
    "r",
    18
   ]
  },
  {
   "step": 178,
   "moveturn": "W",
   "position": [
    "s",
    2
   ]
  },
  {
   "step": 179,
   "moveturn": "B",
   "position": [
    "q",
    2
   ]
  },
  {
   "step": 180,
   "moveturn": "W",
   "position": [
    "p",
    17
   ]
  },
  {
   "step": 181,
   "moveturn": "B",
   "position": [
    "p",
    18
   ]
  },
  {
   "step": 182,
   "moveturn": "W",
   "position": [
    "o",
    16
   ]
  },
  {
   "step": 183,
   "moveturn": "B",
   "position": [
    "n",
    16
   ]
  },
  {
   "step": 184,
   "moveturn": "W",
   "position": [
    "b",
    9
   ]
  },
  {
   "step": 185,
   "moveturn": "B",
   "position": [
    "k",
    11
   ]
  },
  {
   "step": 186,
   "moveturn": "W",
   "position": [
    "n",
    17
   ]
  },
  {
   "step": 187,
   "moveturn": "B",
   "position": [
    "o",
    18
   ]
  },
  {
   "step": 188,
   "moveturn": "W",
   "position": [
    "k",
    10
   ]
  },
  {
   "step": 189,
   "moveturn": "B",
   "position": [
    "g",
    14
   ]
  },
  {
   "step": 190,
   "moveturn": "W",
   "position": [
    "g",
    15
   ]
  }
 ],
 "id": -1,
 "winner": "NONE",
 "name": "1381065731019999146-190",
 "gamename": "1381065731019999146"
}