{
 "movetrace": [
  {
   "step": 1,
   "moveturn": "B",
   "position": [
    "d",
    4
   ]
  },
  {
   "step": 2,
   "moveturn": "W",
   "position": [
    "q",
    16
   ]
  },
  {
   "step": 3,
   "moveturn": "B",
   "position": [
    "q",
    3
   ]
  },
  {
   "step": 4,
   "moveturn": "W",
   "position": [
    "r",
    5
   ]
  },
  {
   "step": 5,
   "moveturn": "B",
   "position": [
    "d",
    17
   ]
  },
  {
   "step": 6,
   "moveturn": "W",
   "position": [
    "f",
    3
   ]
  },
  {
   "step": 7,
   "moveturn": "B",
   "position": [
    "c",
    6
   ]
  },
  {
   "step": 8,
   "moveturn": "W",
   "position": [
    "m",
    3
   ]
  },
  {
   "step": 9,
   "moveturn": "B",
   "position": [
    "r",
    4
   ]
  },
  {
   "step": 10,
   "moveturn": "W",
   "position": [
    "q",
    5
   ]
  },
  {
   "step": 11,
   "moveturn": "B",
   "position": [
    "o",
    3
   ]
  },
  {
   "step": 12,
   "moveturn": "W",
   "position": [
    "n",
    5
   ]
  },
  {
   "step": 13,
   "moveturn": "B",
   "position": [
    "r",
    10
   ]
  },
  {
   "step": 14,
   "moveturn": "W",
   "position": [
    "r",
    14
   ]
  },
  {
   "step": 15,
   "moveturn": "B",
   "position": [
    "r",
    7
   ]
  },
  {
   "step": 16,
   "moveturn": "W",
   "position": [
    "q",
    9
   ]
  },
  {
   "step": 17,
   "moveturn": "B",
   "position": [
    "p",
    7
   ]
  },
  {
   "step": 18,
   "moveturn": "W",
   "position": [
    "p",
    4
   ]
  },
  {
   "step": 19,
   "moveturn": "B",
   "position": [
    "p",
    3
   ]
  },
  {
   "step": 20,
   "moveturn": "W",
   "position": [
    "r",
    9
   ]
  },
  {
   "step": 21,
   "moveturn": "B",
   "position": [
    "s",
    7
   ]
  },
  {
   "step": 22,
   "moveturn": "W",
   "position": [
    "s",
    5
   ]
  },
  {
   "step": 23,
   "moveturn": "B",
   "position": [
    "s",
    9
   ]
  },
  {
   "step": 24,
   "moveturn": "W",
   "position": [
    "s",
    3
   ]
  },
  {
   "step": 25,
   "moveturn": "B",
   "position": [
    "s",
    2
   ]
  },
  {
   "step": 26,
   "moveturn": "W",
   "position": [
    "s",
    4
   ]
  },
  {
   "step": 27,
   "moveturn": "B",
   "position": [
    "t",
    2
   ]
  },
  {
   "step": 28,
   "moveturn": "W",
   "position": [
    "n",
    3
   ]
  },
  {
   "step": 29,
   "moveturn": "B",
   "position": [
    "o",
    4
   ]
  },
  {
   "step": 30,
   "moveturn": "W",
   "position": [
    "o",
    5
   ]
  },
  {
   "step": 31,
   "moveturn": "B",
   "position": [
    "p",
    6
   ]
  },
  {
   "step": 32,
   "moveturn": "W",
   "position": [
    "p",
    5
   ]
  },
  {
   "step": 33,
   "moveturn": "B",
   "position": [
    "o",
    2
   ]
  },
  {
   "step": 34,
   "moveturn": "W",
   "position": [
    "q",
    10
   ]
  },
  {
   "step": 35,
   "moveturn": "B",
   "position": [
    "r",
    11
   ]
  },
  {
   "step": 36,
   "moveturn": "W",
   "position": [
    "s",
    8
   ]
  },
  {
   "step": 37,
   "moveturn": "B",
   "position": [
    "r",
    8
   ]
  },
  {
   "step": 38,
   "moveturn": "W",
   "position": [
    "s",
    10
   ]
  },
  {
   "step": 39,
   "moveturn": "B",
   "position": [
    "t",
    8
   ]
  },
  {
   "step": 40,
   "moveturn": "W",
   "position": [
    "s",
    11
   ]
  },
  {
   "step": 41,
   "moveturn": "B",
   "position": [
    "s",
    12
   ]
  },
  {
   "step": 42,
   "moveturn": "W",
   "position": [
    "r",
    12
   ]
  },
  {
   "step": 43,
   "moveturn": "B",
   "position": [
    "q",
    11
   ]
  },
  {
   "step": 44,
   "moveturn": "W",
   "position": [
    "s",
    13
   ]
  },
  {
   "step": 45,
   "moveturn": "B",
   "position": [
    "q",
    12
   ]
  },
  {
   "step": 46,
   "moveturn": "W",
   "position": [
    "r",
    13
   ]
  },
  {
   "step": 47,
   "moveturn": "B",
   "position": [
    "n",
    4
   ]
  },
  {
   "step": 48,
   "moveturn": "W",
   "position": [
    "n",
    7
   ]
  },
  {
   "step": 49,
   "moveturn": "B",
   "position": [
    "o",
    9
   ]
  },
  {
   "step": 50,
   "moveturn": "W",
   "position": [
    "p",
    10
   ]
  },
  {
   "step": 51,
   "moveturn": "B",
   "position": [
    "m",
    4
   ]
  },
  {
   "step": 52,
   "moveturn": "W",
   "position": [
    "q",
    8
   ]
  },
  {
   "step": 53,
   "moveturn": "B",
   "position": [
    "q",
    7
   ]
  },
  {
   "step": 54,
   "moveturn": "W",
   "position": [
    "o",
    10
   ]
  },
  {
   "step": 55,
   "moveturn": "B",
   "position": [
    "n",
    8
   ]
  },
  {
   "step": 56,
   "moveturn": "W",
   "position": [
    "m",
    8
   ]
  },
  {
   "step": 57,
   "moveturn": "B",
   "position": [
    "n",
    10
   ]
  }
 ],
 "id": -1,
 "winner": "NONE",
 "name": "1379506130019999000-57",
 "gamename": "1379506130019999000"
}