{
 "movetrace": [
  {
   "step": 1,
   "moveturn": "B",
   "position": [
    "d",
    4
   ]
  },
  {
   "step": 2,
   "moveturn": "W",
   "position": [
    "q",
    16
   ]
  },
  {
   "step": 3,
   "moveturn": "B",
   "position": [
    "q",
    3
   ]
  },
  {
   "step": 4,
   "moveturn": "W",
   "position": [
    "r",
    5
   ]
  },
  {
   "step": 5,
   "moveturn": "B",
   "position": [
    "d",
    17
   ]
  },
  {
   "step": 6,
   "moveturn": "W",
   "position": [
    "f",
    3
   ]
  },
  {
   "step": 7,
   "moveturn": "B",
   "position": [
    "c",
    6
   ]
  },
  {
   "step": 8,
   "moveturn": "W",
   "position": [
    "m",
    3
   ]
  },
  {
   "step": 9,
   "moveturn": "B",
   "position": [
    "r",
    4
   ]
  },
  {
   "step": 10,
   "moveturn": "W",
   "position": [
    "q",
    5
   ]
  }
 ],
 "id": -1,
 "winner": "NONE",
 "name": "1379506130019999000-10",
 "gamename": "1379506130019999000"
}