{
 "movetrace": [
  {
   "step": 1,
   "moveturn": "B",
   "position": [
    "d",
    3
   ]
  },
  {
   "step": 2,
   "moveturn": "W",
   "position": [
    "q",
    16
   ]
  },
  {
   "step": 3,
   "moveturn": "B",
   "position": [
    "q",
    4
   ]
  },
  {
   "step": 4,
   "moveturn": "W",
   "position": [
    "c",
    16
   ]
  },
  {
   "step": 5,
   "moveturn": "B",
   "position": [
    "e",
    17
   ]
  },
  {
   "step": 6,
   "moveturn": "W",
   "position": [
    "j",
    17
   ]
  },
  {
   "step": 7,
   "moveturn": "B",
   "position": [
    "c",
    12
   ]
  },
  {
   "step": 8,
   "moveturn": "W",
   "position": [
    "d",
    15
   ]
  },
  {
   "step": 9,
   "moveturn": "B",
   "position": [
    "d",
    9
   ]
  },
  {
   "step": 10,
   "moveturn": "W",
   "position": [
    "d",
    17
   ]
  },
  {
   "step": 11,
   "moveturn": "B",
   "position": [
    "r",
    14
   ]
  },
  {
   "step": 12,
   "moveturn": "W",
   "position": [
    "o",
    16
   ]
  },
  {
   "step": 13,
   "moveturn": "B",
   "position": [
    "r",
    17
   ]
  }
 ],
 "id": -1,
 "winner": "NONE",
 "name": "1379682852019999111-13",
 "gamename": "1379682852019999111"
}