{
 "movetrace": [
  {
   "step": 1,
   "moveturn": "B",
   "position": [
    "d",
    4
   ]
  },
  {
   "step": 2,
   "moveturn": "W",
   "position": [
    "q",
    16
   ]
  },
  {
   "step": 3,
   "moveturn": "B",
   "position": [
    "q",
    3
   ]
  },
  {
   "step": 4,
   "moveturn": "W",
   "position": [
    "r",
    5
   ]
  },
  {
   "step": 5,
   "moveturn": "B",
   "position": [
    "d",
    17
   ]
  },
  {
   "step": 6,
   "moveturn": "W",
   "position": [
    "f",
    3
   ]
  },
  {
   "step": 7,
   "moveturn": "B",
   "position": [
    "c",
    6
   ]
  },
  {
   "step": 8,
   "moveturn": "W",
   "position": [
    "n",
    3
   ]
  },
  {
   "step": 9,
   "moveturn": "B",
   "position": [
    "p",
    4
   ]
  },
  {
   "step": 10,
   "moveturn": "W",
   "position": [
    "k",
    4
   ]
  },
  {
   "step": 11,
   "moveturn": "B",
   "position": [
    "c",
    15
   ]
  },
  {
   "step": 12,
   "moveturn": "W",
   "position": [
    "o",
    17
   ]
  },
  {
   "step": 13,
   "moveturn": "B",
   "position": [
    "k",
    16
   ]
  },
  {
   "step": 14,
   "moveturn": "W",
   "position": [
    "r",
    9
   ]
  },
  {
   "step": 15,
   "moveturn": "B",
   "position": [
    "r",
    4
   ]
  },
  {
   "step": 16,
   "moveturn": "W",
   "position": [
    "q",
    5
   ]
  },
  {
   "step": 17,
   "moveturn": "B",
   "position": [
    "s",
    5
   ]
  },
  {
   "step": 18,
   "moveturn": "W",
   "position": [
    "s",
    6
   ]
  },
  {
   "step": 19,
   "moveturn": "B",
   "position": [
    "s",
    4
   ]
  },
  {
   "step": 20,
   "moveturn": "W",
   "position": [
    "r",
    15
   ]
  },
  {
   "step": 21,
   "moveturn": "B",
   "position": [
    "d",
    10
   ]
  },
  {
   "step": 22,
   "moveturn": "W",
   "position": [
    "f",
    5
   ]
  },
  {
   "step": 23,
   "moveturn": "B",
   "position": [
    "d",
    2
   ]
  },
  {
   "step": 24,
   "moveturn": "W",
   "position": [
    "h",
    16
   ]
  },
  {
   "step": 25,
   "moveturn": "B",
   "position": [
    "f",
    17
   ]
  },
  {
   "step": 26,
   "moveturn": "W",
   "position": [
    "g",
    15
   ]
  },
  {
   "step": 27,
   "moveturn": "B",
   "position": [
    "n",
    16
   ]
  },
  {
   "step": 28,
   "moveturn": "W",
   "position": [
    "n",
    17
   ]
  },
  {
   "step": 29,
   "moveturn": "B",
   "position": [
    "m",
    16
   ]
  },
  {
   "step": 30,
   "moveturn": "W",
   "position": [
    "g",
    12
   ]
  },
  {
   "step": 31,
   "moveturn": "B",
   "position": [
    "q",
    10
   ]
  },
  {
   "step": 32,
   "moveturn": "W",
   "position": [
    "r",
    10
   ]
  },
  {
   "step": 33,
   "moveturn": "B",
   "position": [
    "q",
    11
   ]
  },
  {
   "step": 34,
   "moveturn": "W",
   "position": [
    "p",
    8
   ]
  },
  {
   "step": 35,
   "moveturn": "B",
   "position": [
    "k",
    13
   ]
  },
  {
   "step": 36,
   "moveturn": "W",
   "position": [
    "d",
    14
   ]
  },
  {
   "step": 37,
   "moveturn": "B",
   "position": [
    "d",
    15
   ]
  }
 ],
 "id": -1,
 "winner": "NONE",
 "name": "1378905168019999593-37",
 "gamename": "1378905168019999593"
}