{
 "movetrace": [
  {
   "step": 1,
   "moveturn": "B",
   "position": [
    "d",
    4
   ]
  },
  {
   "step": 2,
   "moveturn": "W",
   "position": [
    "q",
    16
   ]
  },
  {
   "step": 3,
   "moveturn": "B",
   "position": [
    "q",
    3
   ]
  },
  {
   "step": 4,
   "moveturn": "W",
   "position": [
    "r",
    5
   ]
  },
  {
   "step": 5,
   "moveturn": "B",
   "position": [
    "d",
    17
   ]
  },
  {
   "step": 6,
   "moveturn": "W",
   "position": [
    "f",
    3
   ]
  },
  {
   "step": 7,
   "moveturn": "B",
   "position": [
    "c",
    6
   ]
  },
  {
   "step": 8,
   "moveturn": "W",
   "position": [
    "n",
    3
   ]
  },
  {
   "step": 9,
   "moveturn": "B",
   "position": [
    "p",
    4
   ]
  },
  {
   "step": 10,
   "moveturn": "W",
   "position": [
    "k",
    4
   ]
  },
  {
   "step": 11,
   "moveturn": "B",
   "position": [
    "c",
    15
   ]
  },
  {
   "step": 12,
   "moveturn": "W",
   "position": [
    "o",
    17
   ]
  },
  {
   "step": 13,
   "moveturn": "B",
   "position": [
    "k",
    16
   ]
  },
  {
   "step": 14,
   "moveturn": "W",
   "position": [
    "r",
    9
   ]
  },
  {
   "step": 15,
   "moveturn": "B",
   "position": [
    "r",
    4
   ]
  },
  {
   "step": 16,
   "moveturn": "W",
   "position": [
    "q",
    5
   ]
  },
  {
   "step": 17,
   "moveturn": "B",
   "position": [
    "s",
    5
   ]
  }
 ],
 "id": -1,
 "winner": "NONE",
 "name": "1378905168019999593-17",
 "gamename": "1378905168019999593"
}